time,event,gate_id,details
2.833,onboard_gate_reached,1,reason=close_threshold
3.500,referee_gate_passed,1,
4.067,onboard_switch,1,"to_gate_id=2, reason=range_increased_after_reach"
7.400,onboard_gate_reached,2,reason=close_threshold
8.000,referee_gate_passed,2,
8.833,onboard_switch,2,"to_gate_id=3, reason=range_increased_after_reach"
13.600,collision,3,referee_active_gate_id=3
13.667,collision,3,referee_active_gate_id=3
13.900,collision,3,referee_active_gate_id=3
13.933,collision,3,referee_active_gate_id=3
13.967,collision,3,referee_active_gate_id=3
14.000,collision,3,referee_active_gate_id=3
14.033,collision,3,referee_active_gate_id=3
14.067,collision,3,referee_active_gate_id=3
14.100,collision,3,referee_active_gate_id=3
14.133,collision,3,referee_active_gate_id=3
14.167,collision,3,referee_active_gate_id=3
14.200,collision,3,referee_active_gate_id=3
14.233,collision,3,referee_active_gate_id=3
14.267,collision,3,referee_active_gate_id=3
14.300,collision,3,referee_active_gate_id=3
14.333,collision,3,referee_active_gate_id=3
14.367,collision,3,referee_active_gate_id=3
14.400,collision,3,referee_active_gate_id=3
14.433,collision,3,referee_active_gate_id=3
14.467,collision,3,referee_active_gate_id=3
14.500,collision,3,referee_active_gate_id=3
14.533,collision,3,referee_active_gate_id=3
14.567,collision,3,referee_active_gate_id=3
14.600,collision,3,referee_active_gate_id=3
14.633,collision,3,referee_active_gate_id=3
14.667,collision,3,referee_active_gate_id=3
14.700,collision,3,referee_active_gate_id=3
14.733,collision,3,referee_active_gate_id=3
14.767,collision,3,referee_active_gate_id=3
14.800,collision,3,referee_active_gate_id=3
14.833,collision,3,referee_active_gate_id=3
14.867,collision,3,referee_active_gate_id=3
14.900,collision,3,referee_active_gate_id=3
14.933,collision,3,referee_active_gate_id=3
14.967,collision,3,referee_active_gate_id=3
15.000,collision,3,referee_active_gate_id=3
15.033,collision,3,referee_active_gate_id=3
15.067,collision,3,referee_active_gate_id=3
15.100,collision,3,referee_active_gate_id=3
15.133,collision,3,referee_active_gate_id=3
15.167,collision,3,referee_active_gate_id=3
15.200,collision,3,referee_active_gate_id=3
15.233,collision,3,referee_active_gate_id=3
15.267,collision,3,referee_active_gate_id=3
15.300,collision,3,referee_active_gate_id=3
15.333,collision,3,referee_active_gate_id=3
15.367,collision,3,referee_active_gate_id=3
15.400,collision,3,referee_active_gate_id=3
15.433,collision,3,referee_active_gate_id=3
15.467,collision,3,referee_active_gate_id=3
15.500,collision,3,referee_active_gate_id=3
15.533,collision,3,referee_active_gate_id=3
15.567,collision,3,referee_active_gate_id=3
15.600,collision,3,referee_active_gate_id=3
15.633,collision,3,referee_active_gate_id=3
15.667,collision,3,referee_active_gate_id=3
15.700,collision,3,referee_active_gate_id=3
15.733,collision,3,referee_active_gate_id=3
15.767,collision,3,referee_active_gate_id=3
15.800,collision,3,referee_active_gate_id=3
15.833,collision,3,referee_active_gate_id=3
15.867,collision,3,referee_active_gate_id=3
15.900,collision,3,referee_active_gate_id=3
15.933,collision,3,referee_active_gate_id=3
15.967,collision,3,referee_active_gate_id=3
16.000,collision,3,referee_active_gate_id=3
16.033,collision,3,referee_active_gate_id=3
16.067,collision,3,referee_active_gate_id=3
16.100,collision,3,referee_active_gate_id=3
16.133,collision,3,referee_active_gate_id=3
16.167,collision,3,referee_active_gate_id=3
16.200,collision,3,referee_active_gate_id=3
16.233,collision,3,referee_active_gate_id=3
16.267,collision,3,referee_active_gate_id=3
16.300,collision,3,referee_active_gate_id=3
16.333,collision,3,referee_active_gate_id=3
16.367,collision,3,referee_active_gate_id=3
16.400,collision,3,referee_active_gate_id=3
16.433,collision,3,referee_active_gate_id=3
16.467,collision,3,referee_active_gate_id=3
16.500,collision,3,referee_active_gate_id=3
16.533,collision,3,referee_active_gate_id=3
16.567,collision,3,referee_active_gate_id=3
16.600,collision,3,referee_active_gate_id=3
16.633,collision,3,referee_active_gate_id=3
16.667,collision,3,referee_active_gate_id=3
16.700,collision,3,referee_active_gate_id=3
16.733,collision,3,referee_active_gate_id=3
16.767,collision,3,referee_active_gate_id=3
16.800,collision,3,referee_active_gate_id=3
16.833,collision,3,referee_active_gate_id=3
16.867,collision,3,referee_active_gate_id=3
16.900,collision,3,referee_active_gate_id=3
16.933,collision,3,referee_active_gate_id=3
16.967,collision,3,referee_active_gate_id=3
17.000,collision,3,referee_active_gate_id=3
17.033,collision,3,referee_active_gate_id=3
17.067,collision,3,referee_active_gate_id=3
17.100,collision,3,referee_active_gate_id=3
17.133,collision,3,referee_active_gate_id=3
17.167,collision,3,referee_active_gate_id=3
17.200,collision,3,referee_active_gate_id=3
17.233,collision,3,referee_active_gate_id=3
17.267,collision,3,referee_active_gate_id=3
17.300,collision,3,referee_active_gate_id=3
17.333,collision,3,referee_active_gate_id=3
17.367,collision,3,referee_active_gate_id=3
17.400,collision,3,referee_active_gate_id=3
17.433,collision,3,referee_active_gate_id=3
17.467,collision,3,referee_active_gate_id=3
17.500,collision,3,referee_active_gate_id=3
17.533,collision,3,referee_active_gate_id=3
17.567,collision,3,referee_active_gate_id=3
17.600,collision,3,referee_active_gate_id=3
17.633,collision,3,referee_active_gate_id=3
17.667,collision,3,referee_active_gate_id=3
17.700,collision,3,referee_active_gate_id=3
17.733,collision,3,referee_active_gate_id=3
17.767,collision,3,referee_active_gate_id=3
17.800,collision,3,referee_active_gate_id=3
17.833,collision,3,referee_active_gate_id=3
17.867,collision,3,referee_active_gate_id=3
17.900,collision,3,referee_active_gate_id=3
17.933,collision,3,referee_active_gate_id=3
17.967,collision,3,referee_active_gate_id=3
18.000,collision,3,referee_active_gate_id=3
18.033,collision,3,referee_active_gate_id=3
18.067,collision,3,referee_active_gate_id=3
18.100,collision,3,referee_active_gate_id=3
18.133,collision,3,referee_active_gate_id=3
18.167,collision,3,referee_active_gate_id=3
18.200,collision,3,referee_active_gate_id=3
18.233,collision,3,referee_active_gate_id=3
18.267,collision,3,referee_active_gate_id=3
18.300,collision,3,referee_active_gate_id=3
18.333,collision,3,referee_active_gate_id=3
18.367,collision,3,referee_active_gate_id=3
18.400,collision,3,referee_active_gate_id=3
18.433,collision,3,referee_active_gate_id=3
18.467,collision,3,referee_active_gate_id=3
18.500,collision,3,referee_active_gate_id=3
18.533,collision,3,referee_active_gate_id=3
18.567,collision,3,referee_active_gate_id=3
18.600,collision,3,referee_active_gate_id=3
18.633,collision,3,referee_active_gate_id=3
18.667,collision,3,referee_active_gate_id=3
18.700,collision,3,referee_active_gate_id=3
18.733,collision,3,referee_active_gate_id=3
18.767,collision,3,referee_active_gate_id=3
18.800,collision,3,referee_active_gate_id=3
18.833,collision,3,referee_active_gate_id=3
18.867,collision,3,referee_active_gate_id=3
18.900,collision,3,referee_active_gate_id=3
18.933,collision,3,referee_active_gate_id=3
18.967,collision,3,referee_active_gate_id=3
19.000,collision,3,referee_active_gate_id=3
19.033,collision,3,referee_active_gate_id=3
19.067,collision,3,referee_active_gate_id=3
19.100,collision,3,referee_active_gate_id=3
19.133,collision,3,referee_active_gate_id=3
19.167,collision,3,referee_active_gate_id=3
19.200,collision,3,referee_active_gate_id=3
19.233,collision,3,referee_active_gate_id=3
19.267,collision,3,referee_active_gate_id=3
19.300,collision,3,referee_active_gate_id=3
19.333,collision,3,referee_active_gate_id=3
19.367,collision,3,referee_active_gate_id=3
19.400,collision,3,referee_active_gate_id=3
19.433,collision,3,referee_active_gate_id=3
19.467,collision,3,referee_active_gate_id=3
19.500,collision,3,referee_active_gate_id=3
19.533,collision,3,referee_active_gate_id=3
19.567,collision,3,referee_active_gate_id=3
19.600,collision,3,referee_active_gate_id=3
19.633,collision,3,referee_active_gate_id=3
19.667,collision,3,referee_active_gate_id=3
19.700,collision,3,referee_active_gate_id=3
19.733,collision,3,referee_active_gate_id=3
19.767,collision,3,referee_active_gate_id=3
19.800,collision,3,referee_active_gate_id=3
19.833,collision,3,referee_active_gate_id=3
19.867,collision,3,referee_active_gate_id=3
19.900,collision,3,referee_active_gate_id=3
19.933,collision,3,referee_active_gate_id=3
19.967,collision,3,referee_active_gate_id=3
20.000,collision,3,referee_active_gate_id=3
20.033,collision,3,referee_active_gate_id=3
20.067,collision,3,referee_active_gate_id=3
20.100,collision,3,referee_active_gate_id=3
20.133,collision,3,referee_active_gate_id=3
20.167,collision,3,referee_active_gate_id=3
20.200,collision,3,referee_active_gate_id=3
20.233,collision,3,referee_active_gate_id=3
20.267,collision,3,referee_active_gate_id=3
20.300,collision,3,referee_active_gate_id=3
20.333,collision,3,referee_active_gate_id=3
20.367,collision,3,referee_active_gate_id=3
20.400,collision,3,referee_active_gate_id=3
20.433,collision,3,referee_active_gate_id=3
20.467,collision,3,referee_active_gate_id=3
20.500,collision,3,referee_active_gate_id=3
20.533,collision,3,referee_active_gate_id=3
20.567,collision,3,referee_active_gate_id=3
20.633,collision,3,referee_active_gate_id=3
20.667,collision,3,referee_active_gate_id=3
20.700,collision,3,referee_active_gate_id=3
20.733,collision,3,referee_active_gate_id=3
20.767,collision,3,referee_active_gate_id=3
20.800,collision,3,referee_active_gate_id=3
20.833,collision,3,referee_active_gate_id=3
20.867,collision,3,referee_active_gate_id=3
20.900,collision,3,referee_active_gate_id=3
20.933,collision,3,referee_active_gate_id=3
20.967,collision,3,referee_active_gate_id=3
21.000,collision,3,referee_active_gate_id=3
21.033,collision,3,referee_active_gate_id=3
21.067,collision,3,referee_active_gate_id=3
21.100,collision,3,referee_active_gate_id=3
21.133,collision,3,referee_active_gate_id=3
21.167,collision,3,referee_active_gate_id=3
21.200,collision,3,referee_active_gate_id=3
21.233,collision,3,referee_active_gate_id=3
21.267,collision,3,referee_active_gate_id=3
21.300,collision,3,referee_active_gate_id=3
21.333,collision,3,referee_active_gate_id=3
21.367,collision,3,referee_active_gate_id=3
21.400,collision,3,referee_active_gate_id=3
21.433,collision,3,referee_active_gate_id=3
21.467,collision,3,referee_active_gate_id=3
21.500,collision,3,referee_active_gate_id=3
21.533,collision,3,referee_active_gate_id=3
21.567,collision,3,referee_active_gate_id=3
21.600,collision,3,referee_active_gate_id=3
21.633,collision,3,referee_active_gate_id=3
21.667,collision,3,referee_active_gate_id=3
21.700,collision,3,referee_active_gate_id=3
21.733,collision,3,referee_active_gate_id=3
21.767,collision,3,referee_active_gate_id=3
21.800,collision,3,referee_active_gate_id=3
21.833,collision,3,referee_active_gate_id=3
21.867,collision,3,referee_active_gate_id=3
21.900,collision,3,referee_active_gate_id=3
21.933,collision,3,referee_active_gate_id=3
21.967,collision,3,referee_active_gate_id=3
22.000,collision,3,referee_active_gate_id=3
23.100,referee_gate_passed,3,
