time,x,y,z,onboard_active_gate_id,referee_active_gate_id,distance_to_gate,bearing_error,vertical_error,command_surge,command_sway,command_heave,command_yaw
0.000,-5.0000,-0.0000,-5.0000,1,1,5.0062,0.0000,-0.2500,1.0000,0.0000,-0.1125,0.0000
0.033,-4.9968,-0.0000,-5.0003,1,1,5.0031,0.0000,-0.2497,1.0000,0.0000,-0.1123,0.0000
0.067,-4.9906,-0.0000,-5.0010,1,1,4.9968,0.0000,-0.2490,1.0000,0.0000,-0.1121,0.0000
0.100,-4.9814,-0.0000,-5.0020,1,1,4.9876,0.0000,-0.2480,1.0000,0.0000,-0.1116,0.0000
0.133,-4.9694,-0.0000,-5.0032,1,1,4.9755,0.0000,-0.2468,1.0000,0.0000,-0.1110,0.0000
0.167,-4.9546,-0.0000,-5.0048,1,1,4.9606,0.0000,-0.2452,1.0000,0.0000,-0.1103,0.0000
0.200,-4.9372,-0.0000,-5.0066,1,1,4.9431,0.0000,-0.2434,1.0000,0.0000,-0.1095,0.0000
0.233,-4.9172,-0.0000,-5.0087,1,1,4.9231,0.0000,-0.2413,1.0000,0.0000,-0.1086,0.0000
0.267,-4.8948,-0.0000,-5.0111,1,1,4.9006,0.0000,-0.2389,1.0000,0.0000,-0.1075,0.0000
0.300,-4.8700,-0.0000,-5.0137,1,1,4.8757,0.0000,-0.2363,1.0000,0.0000,-0.1064,0.0000
0.333,-4.8430,-0.0000,-5.0165,1,1,4.8486,0.0000,-0.2335,1.0000,0.0000,-0.1051,0.0000
0.367,-4.8138,-0.0000,-5.0195,1,1,4.8193,0.0000,-0.2305,1.0000,0.0000,-0.1037,0.0000
0.400,-4.7826,-0.0000,-5.0227,1,1,4.7880,0.0000,-0.2273,1.0000,0.0000,-0.1023,0.0000
0.433,-4.7493,-0.0000,-5.0261,1,1,4.7546,0.0000,-0.2239,1.0000,0.0000,-0.1008,0.0000
0.467,-4.7142,-0.0000,-5.0296,1,1,4.7194,0.0000,-0.2204,1.0000,0.0000,-0.0992,0.0000
0.500,-4.6773,-0.0000,-5.0333,1,1,4.6823,0.0000,-0.2167,1.0000,0.0000,-0.0975,0.0000
0.533,-4.6386,-0.0000,-5.0372,1,1,4.6435,0.0000,-0.2128,1.0000,0.0000,-0.0958,0.0000
0.567,-4.5983,-0.0000,-5.0412,1,1,4.6030,0.0000,-0.2088,1.0000,0.0000,-0.0940,0.0000
0.600,-4.5564,-0.0000,-5.0453,1,1,4.5610,0.0000,-0.2047,1.0000,0.0000,-0.0921,0.0000
0.633,-4.5130,-0.0000,-5.0496,1,1,4.5175,0.0000,-0.2004,1.0000,0.0000,-0.0902,0.0000
0.667,-4.4682,-0.0000,-5.0539,1,1,4.4725,0.0000,-0.1961,1.0000,0.0000,-0.0882,0.0000
0.700,-4.4220,-0.0000,-5.0583,1,1,4.4261,0.0000,-0.1917,1.0000,0.0000,-0.0862,0.0000
0.733,-4.3744,-0.0000,-5.0628,1,1,4.3784,0.0000,-0.1872,1.0000,0.0000,-0.0842,0.0000
0.767,-4.3257,-0.0000,-5.0674,1,1,4.3295,0.0000,-0.1826,1.0000,0.0000,-0.0822,0.0000
0.800,-4.2757,-0.0000,-5.0720,1,1,4.2794,0.0000,-0.1780,1.0000,0.0000,-0.0801,0.0000
0.833,-4.2246,-0.0000,-5.0767,1,1,4.2282,0.0000,-0.1733,1.0000,0.0000,-0.0780,0.0000
0.867,-4.1725,-0.0000,-5.0815,1,1,4.1759,0.0000,-0.1685,1.0000,0.0000,-0.0758,0.0000
0.900,-4.1193,-0.0000,-5.0862,1,1,4.1226,0.0000,-0.1638,1.0000,0.0000,-0.0737,0.0000
0.933,-4.0652,-0.0000,-5.0910,1,1,4.0683,0.0000,-0.1590,1.0000,0.0000,-0.0716,0.0000
0.967,-4.0101,-0.0000,-5.0958,1,1,4.0131,0.0000,-0.1542,1.0000,0.0000,-0.0694,0.0000
1.000,-3.9542,-0.0000,-5.1006,1,1,3.9570,0.0000,-0.1494,1.0000,0.0000,-0.0672,0.0000
1.033,-3.8974,-0.0000,-5.1054,1,1,3.9001,0.0000,-0.1446,1.0000,0.0000,-0.0651,0.0000
1.067,-3.8399,-0.0000,-5.1102,1,1,3.8424,0.0000,-0.1398,1.0000,0.0000,-0.0629,0.0000
1.100,-3.7816,-0.0000,-5.1150,1,1,3.7840,0.0000,-0.1350,1.0000,0.0000,-0.0608,0.0000
1.133,-3.7226,-0.0000,-5.1197,1,1,3.7248,0.0000,-0.1303,1.0000,0.0000,-0.0586,0.0000
1.167,-3.6629,-0.0000,-5.1245,1,1,3.6650,0.0000,-0.1255,1.0000,0.0000,-0.0565,0.0000
1.200,-3.6025,-0.0000,-5.1292,1,1,3.6046,0.0000,-0.1208,1.0000,0.0000,-0.0544,0.0000
1.233,-3.5416,-0.0000,-5.1338,1,1,3.5435,0.0000,-0.1162,1.0000,0.0000,-0.0523,0.0000
1.267,-3.4801,-0.0000,-5.1385,1,1,3.4819,0.0000,-0.1115,1.0000,0.0000,-0.0502,0.0000
1.300,-3.4180,-0.0000,-5.1430,1,1,3.4197,0.0000,-0.1070,1.0000,0.0000,-0.0481,0.0000
1.333,-3.3554,-0.0000,-5.1476,1,1,3.3570,0.0000,-0.1024,1.0000,0.0000,-0.0461,0.0000
1.367,-3.2923,-0.0000,-5.1520,1,1,3.2938,0.0000,-0.0980,1.0000,0.0000,-0.0441,0.0000
1.400,-3.2288,-0.0000,-5.1564,1,1,3.2302,0.0000,-0.0936,1.0000,0.0000,-0.0421,0.0000
1.433,-3.1648,-0.0000,-5.1608,1,1,3.1661,0.0000,-0.0892,1.0000,0.0000,-0.0401,0.0000
1.467,-3.1004,-0.0000,-5.1651,1,1,3.1016,0.0000,-0.0849,1.0000,0.0000,-0.0382,0.0000
1.500,-3.0356,-0.0000,-5.1693,1,1,3.0367,0.0000,-0.0807,1.0000,0.0000,-0.0363,0.0000
1.533,-2.9704,-0.0000,-5.1734,1,1,2.9714,0.0000,-0.0766,1.0000,0.0000,-0.0345,0.0000
1.567,-2.9049,-0.0000,-5.1775,1,1,2.9058,0.0000,-0.0725,1.0000,0.0000,-0.0326,0.0000
1.600,-2.8391,-0.0000,-5.1815,1,1,2.8399,0.0000,-0.0685,0.9940,0.0000,-0.0308,0.0000
1.633,-2.7729,-0.0000,-5.1854,1,1,2.7736,0.0000,-0.0646,0.9708,0.0000,-0.0291,0.0000
1.667,-2.7065,-0.0000,-5.1892,1,1,2.7072,0.0000,-0.0608,0.9475,0.0000,-0.0274,0.0000
1.700,-2.6400,-0.0000,-5.1929,1,1,2.6406,0.0000,-0.0571,0.9242,0.0000,-0.0257,0.0000
1.733,-2.5735,-0.0000,-5.1966,1,1,2.5740,0.0000,-0.0534,0.9009,0.0000,-0.0240,0.0000
1.767,-2.5070,-0.0000,-5.2001,1,1,2.5074,0.0000,-0.0499,0.8776,0.0000,-0.0224,0.0000
1.800,-2.4405,-0.0000,-5.2036,1,1,2.4410,0.0000,-0.0464,0.8543,0.0000,-0.0209,0.0000
1.833,-2.3743,-0.0000,-5.2070,1,1,2.3747,0.0000,-0.0430,0.8311,0.0000,-0.0193,0.0000
1.867,-2.3083,-0.0000,-5.2103,1,1,2.3086,0.0000,-0.0397,0.8080,0.0000,-0.0179,0.0000
1.900,-2.2426,-0.0000,-5.2135,1,1,2.2429,0.0000,-0.0365,0.7850,0.0000,-0.0164,0.0000
1.933,-2.1772,-0.0000,-5.2166,1,1,2.1775,0.0000,-0.0334,0.7621,0.0000,-0.0150,0.0000
1.967,-2.1123,-0.0000,-5.2197,1,1,2.1125,0.0000,-0.0303,0.7394,0.0000,-0.0137,0.0000
2.000,-2.0478,-0.0000,-5.2226,1,1,2.0480,0.0000,-0.0274,0.7168,0.0000,-0.0123,0.0000
2.033,-1.9838,-0.0000,-5.2255,1,1,1.9840,0.0000,-0.0245,0.6944,0.0000,-0.0110,0.0000
2.067,-1.9204,-0.0000,-5.2282,1,1,1.9205,0.0000,-0.0218,0.6722,0.0000,-0.0098,0.0000
2.100,-1.8575,-0.0000,-5.2309,1,1,1.8576,0.0000,-0.0191,0.6502,0.0000,-0.0086,0.0000
2.133,-1.7953,-0.0000,-5.2335,1,1,1.7954,0.0000,-0.0165,0.6284,0.0000,-0.0074,0.0000
2.167,-1.7338,-0.0000,-5.2360,1,1,1.7338,0.0000,-0.0140,0.6068,0.0000,-0.0063,0.0000
2.200,-1.6729,-0.0000,-5.2384,1,1,1.6730,0.0000,-0.0116,0.5855,0.0000,-0.0052,0.0000
2.233,-1.6128,-0.0000,-5.2407,1,1,1.6129,0.0000,-0.0093,0.5645,0.0000,-0.0042,0.0000
2.267,-1.5535,-0.0000,-5.2429,1,1,1.5535,0.0000,-0.0071,0.5437,0.0000,-0.0032,0.0000
2.300,-1.4949,-0.0000,-5.2451,1,1,1.4949,0.0000,-0.0049,0.5232,0.0000,-0.0022,0.0000
2.333,-1.4372,-0.0000,-5.2471,1,1,1.4372,0.0000,-0.0029,0.5030,0.0000,-0.0013,0.0000
2.367,-1.3802,-0.0000,-5.2491,1,1,1.3802,0.0000,-0.0009,0.4831,0.0000,-0.0004,0.0000
2.400,-1.3242,-0.0000,-5.2510,1,1,1.3242,0.0000,0.0010,0.4635,0.0000,0.0005,0.0000
2.433,-1.2690,-0.0000,-5.2528,1,1,1.2690,0.0000,0.0028,0.4441,0.0000,0.0013,0.0000
2.467,-1.2147,-0.0000,-5.2546,1,1,1.2147,0.0000,0.0046,0.4251,0.0000,0.0021,0.0000
2.500,-1.1613,-0.0000,-5.2563,1,1,1.1613,0.0000,0.0063,0.4065,0.0000,0.0028,0.0000
2.533,-1.1088,-0.0000,-5.2578,1,1,1.1088,0.0000,0.0078,0.3881,0.0000,0.0035,0.0000
2.567,-1.0573,-0.0000,-5.2593,1,1,1.0573,0.0000,0.0093,0.3701,0.0000,0.0042,0.0000
2.600,-1.0067,-0.0000,-5.2608,1,1,1.0067,0.0000,0.0108,0.3524,0.0000,0.0049,0.0000
2.633,-0.9570,-0.0000,-5.2621,1,1,0.9571,0.0000,0.0121,0.3350,0.0000,0.0055,0.0000
2.667,-0.9084,-0.0000,-5.2634,1,1,0.9085,0.0000,0.0134,0.3180,0.0000,0.0060,0.0000
2.700,-0.8607,-0.0000,-5.2646,1,1,0.8608,0.0000,0.0146,0.3013,0.0000,0.0066,0.0000
2.733,-0.8139,-0.0000,-5.2658,1,1,0.8141,0.0000,0.0158,0.2849,0.0000,0.0071,0.0000
2.767,-0.7682,-0.0000,-5.2669,2,1,6.7682,0.0000,0.0169,1.0000,0.0000,0.0076,0.0000
2.800,-0.7211,-0.0000,-5.2679,2,1,6.7212,0.0000,0.0179,1.0000,0.0000,0.0081,0.0000
2.833,-0.6728,-0.0000,-5.2688,2,1,6.6728,0.0000,0.0188,1.0000,0.0000,0.0085,0.0000
2.867,-0.6233,-0.0000,-5.2697,2,1,6.6233,0.0000,0.0197,1.0000,0.0000,0.0089,0.0000
2.900,-0.5726,-0.0000,-5.2706,2,1,6.5726,0.0000,0.0206,1.0000,0.0000,0.0093,0.0000
2.933,-0.5208,-0.0000,-5.2713,2,1,6.5208,0.0000,0.0213,1.0000,0.0000,0.0096,0.0000
2.967,-0.4680,-0.0000,-5.2720,2,1,6.4680,0.0000,0.0220,1.0000,0.0000,0.0099,0.0000
3.000,-0.4141,-0.0000,-5.2727,2,1,6.4142,0.0000,0.0227,1.0000,0.0000,0.0102,0.0000
3.033,-0.3594,-0.0000,-5.2733,2,1,6.3594,0.0000,0.0233,1.0000,0.0000,0.0105,0.0000
3.067,-0.3038,-0.0000,-5.2738,2,1,6.3038,0.0000,0.0238,1.0000,0.0000,0.0107,0.0000
3.100,-0.2473,-0.0000,-5.2743,2,1,6.2473,0.0000,0.0243,1.0000,0.0000,0.0109,0.0000
3.133,-0.1900,-0.0000,-5.2747,2,1,6.1900,0.0000,0.0247,1.0000,0.0000,0.0111,0.0000
3.167,-0.1319,-0.0000,-5.2751,2,1,6.1320,0.0000,0.0251,1.0000,0.0000,0.0113,0.0000
3.200,-0.0731,-0.0000,-5.2754,2,1,6.0732,0.0000,0.0254,1.0000,0.0000,0.0114,0.0000
3.233,-0.0136,-0.0000,-5.2757,2,1,6.0137,0.0000,0.0257,1.0000,0.0000,0.0115,0.0000
3.267,0.0465,-0.0000,-5.2759,2,2,5.9536,0.0000,0.0259,1.0000,0.0000,0.0116,0.0000
3.300,0.1072,-0.0000,-5.2761,2,2,5.8928,0.0000,0.0261,1.0000,0.0000,0.0117,0.0000
3.333,0.1686,-0.0000,-5.2762,2,2,5.8315,0.0000,0.0262,1.0000,0.0000,0.0118,0.0000
3.367,0.2305,-0.0000,-5.2763,2,2,5.7696,0.0000,0.0263,1.0000,0.0000,0.0118,0.0000
3.400,0.2929,-0.0000,-5.2764,2,2,5.7072,0.0000,0.0264,1.0000,0.0000,0.0119,0.0000
3.433,0.3558,-0.0000,-5.2764,2,2,5.6442,0.0000,0.0264,1.0000,0.0000,0.0119,0.0000
3.467,0.4192,-0.0000,-5.2764,2,2,5.5808,0.0000,0.0264,1.0000,0.0000,0.0119,0.0000
3.500,0.4831,-0.0000,-5.2763,2,2,5.5170,0.0000,0.0263,1.0000,0.0000,0.0119,0.0000
3.533,0.5474,-0.0000,-5.2763,2,2,5.4527,0.0000,0.0263,1.0000,0.0000,0.0118,0.0000
3.567,0.6120,-0.0000,-5.2761,2,2,5.3880,0.0000,0.0261,1.0000,0.0000,0.0118,0.0000
3.600,0.6771,-0.0000,-5.2760,2,2,5.3230,0.0000,0.0260,1.0000,0.0000,0.0117,0.0000
3.633,0.7425,-0.0000,-5.2758,2,2,5.2575,0.0000,0.0258,1.0000,0.0000,0.0116,0.0000
3.667,0.8083,-0.0000,-5.2756,2,2,5.1918,0.0000,0.0256,1.0000,0.0000,0.0115,0.0000
3.700,0.8744,-0.0000,-5.2754,2,2,5.1257,0.0000,0.0254,1.0000,0.0000,0.0114,0.0000
3.733,0.9408,-0.0000,-5.2752,2,2,5.0593,0.0000,0.0252,1.0000,0.0000,0.0113,0.0000
3.767,1.0075,-0.0000,-5.2749,2,2,4.9926,0.0000,0.0249,1.0000,0.0000,0.0112,0.0000
3.800,1.0745,-0.0000,-5.2746,2,2,4.9256,0.0000,0.0246,1.0000,0.0000,0.0111,0.0000
3.833,1.1417,-0.0000,-5.2743,2,2,4.8584,0.0000,0.0243,1.0000,0.0000,0.0109,0.0000
3.867,1.2092,-0.0000,-5.2739,2,2,4.7909,0.0000,0.0239,1.0000,0.0000,0.0108,0.0000
3.900,1.2769,-0.0000,-5.2736,2,2,4.7232,0.0000,0.0236,1.0000,0.0000,0.0106,0.0000
3.933,1.3448,-0.0000,-5.2732,2,2,4.6552,0.0000,0.0232,1.0000,0.0000,0.0104,0.0000
3.967,1.4130,-0.0000,-5.2728,2,2,4.5871,0.0000,0.0228,1.0000,0.0000,0.0103,0.0000
4.000,1.4813,-0.0000,-5.2724,2,2,4.5187,0.0000,0.0224,1.0000,0.0000,0.0101,0.0000
4.033,1.5499,-0.0000,-5.2720,2,2,4.4502,0.0000,0.0220,1.0000,0.0000,0.0099,0.0000
4.067,1.6186,-0.0000,-5.2716,2,2,4.3815,0.0000,0.0216,1.0000,0.0000,0.0097,0.0000
4.100,1.6874,-0.0000,-5.2712,2,2,4.3126,0.0000,0.0212,1.0000,0.0000,0.0095,0.0000
4.133,1.7565,-0.0000,-5.2707,2,2,4.2436,0.0000,0.0207,1.0000,0.0000,0.0093,0.0000
4.167,1.8256,-0.0000,-5.2703,2,2,4.1744,0.0000,0.0203,1.0000,0.0000,0.0091,0.0000
4.200,1.8950,-0.0000,-5.2698,2,2,4.1051,0.0000,0.0198,1.0000,0.0000,0.0089,0.0000
4.233,1.9644,-0.0000,-5.2694,2,2,4.0356,0.0000,0.0194,1.0000,0.0000,0.0087,0.0000
4.267,2.0340,-0.0000,-5.2689,2,2,3.9660,0.0000,0.0189,1.0000,0.0000,0.0085,0.0000
4.300,2.1037,-0.0000,-5.2684,2,2,3.8963,0.0000,0.0184,1.0000,0.0000,0.0083,0.0000
4.333,2.1735,-0.0000,-5.2679,2,2,3.8265,0.0000,0.0179,1.0000,0.0000,0.0081,0.0000
4.367,2.2435,-0.0000,-5.2675,2,2,3.7566,0.0000,0.0175,1.0000,0.0000,0.0079,0.0000
4.400,2.3135,-0.0000,-5.2670,2,2,3.6865,0.0000,0.0170,1.0000,0.0000,0.0076,0.0000
4.433,2.3836,-0.0000,-5.2665,2,2,3.6164,0.0000,0.0165,1.0000,0.0000,0.0074,0.0000
4.467,2.4538,-0.0000,-5.2660,2,2,3.5462,0.0000,0.0160,1.0000,0.0000,0.0072,0.0000
4.500,2.5241,-0.0000,-5.2655,2,2,3.4759,0.0000,0.0155,1.0000,0.0000,0.0070,0.0000
4.533,2.5945,-0.0000,-5.2650,2,2,3.4055,0.0000,0.0150,1.0000,0.0000,0.0068,0.0000
4.567,2.6650,-0.0000,-5.2645,2,2,3.3351,0.0000,0.0145,1.0000,0.0000,0.0065,0.0000
4.600,2.7355,-0.0000,-5.2641,2,2,3.2645,0.0000,0.0141,1.0000,0.0000,0.0063,0.0000
4.633,2.8061,-0.0000,-5.2636,2,2,3.1939,0.0000,0.0136,1.0000,0.0000,0.0061,0.0000
4.667,2.8768,-0.0000,-5.2631,2,2,3.1233,0.0000,0.0131,1.0000,0.0000,0.0059,0.0000
4.700,2.9475,-0.0000,-5.2626,2,2,3.0525,0.0000,0.0126,1.0000,0.0000,0.0057,0.0000
4.733,3.0183,-0.0000,-5.2621,2,2,2.9817,0.0000,0.0121,1.0000,0.0000,0.0055,0.0000
4.767,3.0891,-0.0000,-5.2617,2,2,2.9109,0.0000,0.0117,1.0000,0.0000,0.0053,0.0000
4.800,3.1600,-0.0000,-5.2612,2,2,2.8400,0.0000,0.0112,0.9940,0.0000,0.0050,0.0000
4.833,3.2309,-0.0000,-5.2608,2,2,2.7691,0.0000,0.0108,0.9692,0.0000,0.0048,0.0000
4.867,3.3018,-0.0000,-5.2603,2,2,2.6982,0.0000,0.0103,0.9444,0.0000,0.0046,0.0000
4.900,3.3725,-0.0000,-5.2599,2,2,2.6275,0.0000,0.0099,0.9196,0.0000,0.0044,0.0000
4.933,3.4431,-0.0000,-5.2594,2,2,2.5569,0.0000,0.0094,0.8949,0.0000,0.0042,0.0000
4.967,3.5134,-0.0000,-5.2590,2,2,2.4866,0.0000,0.0090,0.8703,0.0000,0.0040,0.0000
5.000,3.5833,-0.0000,-5.2586,2,2,2.4167,0.0000,0.0086,0.8458,0.0000,0.0039,0.0000
5.033,3.6529,-0.0000,-5.2582,2,2,2.3471,0.0000,0.0082,0.8215,0.0000,0.0037,0.0000
5.067,3.7220,-0.0000,-5.2577,2,2,2.2780,0.0000,0.0077,0.7973,0.0000,0.0035,0.0000
5.100,3.7906,-0.0000,-5.2573,2,2,2.2094,0.0000,0.0073,0.7733,0.0000,0.0033,0.0000
5.133,3.8587,-0.0000,-5.2569,2,2,2.1413,0.0000,0.0069,0.7495,0.0000,0.0031,0.0000
5.167,3.9262,-0.0000,-5.2566,2,2,2.0738,0.0000,0.0066,0.7258,0.0000,0.0030,0.0000
5.200,3.9930,-0.0000,-5.2562,2,2,2.0070,0.0000,0.0062,0.7024,0.0000,0.0028,0.0000
5.233,4.0592,-0.0000,-5.2558,2,2,1.9408,0.0000,0.0058,0.6793,0.0000,0.0026,0.0000
5.267,4.1247,-0.0000,-5.2554,2,2,1.8753,0.0000,0.0054,0.6564,0.0000,0.0025,0.0000
5.300,4.1894,-0.0000,-5.2551,2,2,1.8106,0.0000,0.0051,0.6337,0.0000,0.0023,0.0000
5.333,4.2533,-0.0000,-5.2547,2,2,1.7467,0.0000,0.0047,0.6113,0.0000,0.0021,0.0000
5.367,4.3164,-0.0000,-5.2544,2,2,1.6836,0.0000,0.0044,0.5893,0.0000,0.0020,0.0000
5.400,4.3787,-0.0000,-5.2541,2,2,1.6213,0.0000,0.0041,0.5675,0.0000,0.0018,0.0000
5.433,4.4401,-0.0000,-5.2538,2,2,1.5599,0.0000,0.0038,0.5460,0.0000,0.0017,0.0000
5.467,4.5007,-0.0000,-5.2534,2,2,1.4993,0.0000,0.0034,0.5248,0.0000,0.0016,0.0000
5.500,4.5603,-0.0000,-5.2531,2,2,1.4397,0.0000,0.0031,0.5039,0.0000,0.0014,0.0000
5.533,4.6190,-0.0000,-5.2528,2,2,1.3810,0.0000,0.0028,0.4834,0.0000,0.0013,0.0000
5.567,4.6768,-0.0000,-5.2526,2,2,1.3232,0.0000,0.0026,0.4631,0.0000,0.0012,0.0000
5.600,4.7336,-0.0000,-5.2523,2,2,1.2665,0.0000,0.0023,0.4433,0.0000,0.0010,0.0000
5.633,4.7894,-0.0000,-5.2520,2,2,1.2106,0.0000,0.0020,0.4237,0.0000,0.0009,0.0000
5.667,4.8442,-0.0000,-5.2518,2,2,1.1558,0.0000,0.0018,0.4045,0.0000,0.0008,0.0000
5.700,4.8980,-0.0000,-5.2515,2,2,1.1020,0.0000,0.0015,0.3857,0.0000,0.0007,0.0000
5.733,4.9509,-0.0000,-5.2513,2,2,1.0491,0.0000,0.0013,0.3672,0.0000,0.0006,0.0000
5.767,5.0027,-0.0000,-5.2510,2,2,0.9973,0.0000,0.0010,0.3491,0.0000,0.0005,0.0000
5.800,5.0535,-0.0000,-5.2508,2,2,0.9465,0.0000,0.0008,0.3313,0.0000,0.0004,0.0000
5.833,5.1032,-0.0000,-5.2506,2,2,0.8968,0.0000,0.0006,0.3139,0.0000,0.0003,0.0000
5.867,5.1519,-0.0000,-5.2504,2,2,0.8481,0.0000,0.0004,0.2968,0.0000,0.0002,0.0000
5.900,5.1996,-0.0000,-5.2502,3,2,6.8004,0.0000,0.0002,1.0000,0.0000,0.0001,0.0000
5.933,5.2485,-0.0000,-5.2500,3,2,6.7515,0.0000,-0.0000,1.0000,0.0000,-0.0000,0.0000
5.967,5.2986,-0.0000,-5.2498,3,2,6.7014,0.0000,-0.0002,1.0000,0.0000,-0.0001,0.0000
6.000,5.3498,-0.0000,-5.2496,3,2,6.6502,0.0000,-0.0004,1.0000,0.0000,-0.0002,0.0000
6.033,5.4021,-0.0000,-5.2494,3,2,6.5979,0.0000,-0.0006,1.0000,0.0000,-0.0003,0.0000
6.067,5.4554,-0.0000,-5.2493,3,2,6.5446,0.0000,-0.0007,1.0000,0.0000,-0.0003,0.0000
6.100,5.5097,-0.0000,-5.2491,3,2,6.4903,0.0000,-0.0009,1.0000,0.0000,-0.0004,0.0000
6.133,5.5648,-0.0000,-5.2490,3,2,6.4352,0.0000,-0.0010,1.0000,0.0000,-0.0005,0.0000
6.167,5.6209,-0.0000,-5.2488,3,2,6.3791,0.0000,-0.0012,1.0000,0.0000,-0.0005,0.0000
6.200,5.6778,-0.0000,-5.2487,3,2,6.3222,0.0000,-0.0013,1.0000,0.0000,-0.0006,0.0000
6.233,5.7354,-0.0000,-5.2486,3,2,6.2646,0.0000,-0.0014,1.0000,0.0000,-0.0006,0.0000
6.267,5.7938,-0.0000,-5.2485,3,2,6.2062,0.0000,-0.0015,1.0000,0.0000,-0.0007,0.0000
6.300,5.8530,-0.0000,-5.2483,3,2,6.1470,0.0000,-0.0017,1.0000,0.0000,-0.0007,0.0000
6.333,5.9127,-0.0000,-5.2482,3,2,6.0873,0.0000,-0.0018,1.0000,0.0000,-0.0008,0.0000
6.367,5.9732,-0.0000,-5.2481,3,2,6.0268,0.0000,-0.0019,1.0000,0.0000,-0.0008,0.0000
6.400,6.0342,-0.0000,-5.2481,3,3,5.9658,0.0000,-0.0019,1.0000,0.0000,-0.0009,0.0000
6.433,6.0958,-0.0000,-5.2480,3,3,5.9042,0.0000,-0.0020,1.0000,0.0000,-0.0009,0.0000
6.467,6.1580,-0.0000,-5.2479,3,3,5.8420,0.0000,-0.0021,1.0000,0.0000,-0.0010,0.0000
6.500,6.2206,-0.0000,-5.2478,3,3,5.7794,0.0000,-0.0022,1.0000,0.0000,-0.0010,0.0000
6.533,6.2838,-0.0000,-5.2478,3,3,5.7162,0.0000,-0.0022,1.0000,0.0000,-0.0010,0.0000
6.567,6.3474,-0.0000,-5.2477,3,3,5.6526,0.0000,-0.0023,1.0000,0.0000,-0.0010,0.0000
6.600,6.4115,-0.0000,-5.2476,3,3,5.5885,0.0000,-0.0024,1.0000,0.0000,-0.0011,0.0000
6.633,6.4759,-0.0000,-5.2476,3,3,5.5241,0.0000,-0.0024,1.0000,0.0000,-0.0011,0.0000
6.667,6.5408,-0.0000,-5.2475,3,3,5.4592,0.0000,-0.0025,1.0000,0.0000,-0.0011,0.0000
6.700,6.6060,-0.0000,-5.2475,3,3,5.3940,0.0000,-0.0025,1.0000,0.0000,-0.0011,0.0000
6.733,6.6716,-0.0000,-5.2475,3,3,5.3284,0.0000,-0.0025,1.0000,0.0000,-0.0011,0.0000
6.767,6.7376,-0.0000,-5.2474,3,3,5.2624,0.0000,-0.0026,1.0000,0.0000,-0.0011,0.0000
6.800,6.8038,-0.0000,-5.2474,3,3,5.1962,0.0000,-0.0026,1.0000,0.0000,-0.0012,0.0000
6.833,6.8703,-0.0000,-5.2474,3,3,5.1297,0.0000,-0.0026,1.0000,0.0000,-0.0012,0.0000
6.867,6.9372,-0.0000,-5.2474,3,3,5.0628,0.0000,-0.0026,1.0000,0.0000,-0.0012,0.0000
6.900,7.0043,-0.0000,-5.2474,3,3,4.9957,0.0000,-0.0026,1.0000,0.0000,-0.0012,0.0000
6.933,7.0716,-0.0000,-5.2474,3,3,4.9284,0.0000,-0.0026,1.0000,0.0000,-0.0012,0.0000
6.967,7.1392,-0.0000,-5.2474,3,3,4.8608,0.0000,-0.0026,1.0000,0.0000,-0.0012,0.0000
7.000,7.2070,-0.0000,-5.2474,3,3,4.7930,0.0000,-0.0026,1.0000,0.0000,-0.0012,0.0000
7.033,7.2751,-0.0000,-5.2474,3,3,4.7249,0.0000,-0.0026,1.0000,0.0000,-0.0012,0.0000
7.067,7.3433,-0.0000,-5.2474,3,3,4.6567,0.0000,-0.0026,1.0000,0.0000,-0.0012,0.0000
7.100,7.4117,-0.0000,-5.2474,3,3,4.5883,0.0000,-0.0026,1.0000,0.0000,-0.0012,0.0000
7.133,7.4803,-0.0000,-5.2474,3,3,4.5197,0.0000,-0.0026,1.0000,0.0000,-0.0012,0.0000
7.167,7.5491,-0.0000,-5.2474,3,3,4.4509,0.0000,-0.0026,1.0000,0.0000,-0.0012,0.0000
7.200,7.6181,-0.0000,-5.2474,3,3,4.3819,0.0000,-0.0026,1.0000,0.0000,-0.0012,0.0000
7.233,7.6872,-0.0000,-5.2475,3,3,4.3128,0.0000,-0.0025,1.0000,0.0000,-0.0011,0.0000
7.267,7.7564,-0.0000,-5.2475,3,3,4.2436,0.0000,-0.0025,1.0000,0.0000,-0.0011,0.0000
7.300,7.8258,-0.0000,-5.2475,3,3,4.1742,0.0000,-0.0025,1.0000,0.0000,-0.0011,0.0000
7.333,7.8954,-0.0000,-5.2475,3,3,4.1046,0.0000,-0.0025,1.0000,0.0000,-0.0011,0.0000
7.367,7.9650,-0.0000,-5.2476,3,3,4.0350,0.0000,-0.0024,1.0000,0.0000,-0.0011,0.0000
7.400,8.0348,-0.0000,-5.2476,3,3,3.9652,0.0000,-0.0024,1.0000,0.0000,-0.0011,0.0000
7.433,8.1046,-0.0000,-5.2476,3,3,3.8954,0.0000,-0.0024,1.0000,0.0000,-0.0011,0.0000
7.467,8.1746,-0.0000,-5.2477,3,3,3.8254,0.0000,-0.0023,1.0000,0.0000,-0.0010,0.0000
7.500,8.2447,-0.0000,-5.2477,3,3,3.7553,0.0000,-0.0023,1.0000,0.0000,-0.0010,0.0000
7.533,8.3148,-0.0000,-5.2478,3,3,3.6852,0.0000,-0.0022,1.0000,0.0000,-0.0010,0.0000
7.567,8.3851,-0.0000,-5.2478,3,3,3.6149,0.0000,-0.0022,1.0000,0.0000,-0.0010,0.0000
7.600,8.4554,-0.0000,-5.2478,3,3,3.5446,0.0000,-0.0022,1.0000,0.0000,-0.0010,0.0000
7.633,8.5259,-0.0000,-5.2479,3,3,3.4741,0.0000,-0.0021,1.0000,0.0000,-0.0010,0.0000
7.667,8.5964,-0.0000,-5.2479,3,3,3.4036,0.0000,-0.0021,1.0000,0.0000,-0.0009,0.0000
7.700,8.6669,-0.0000,-5.2480,3,3,3.3331,0.0000,-0.0020,1.0000,0.0000,-0.0009,0.0000
7.733,8.7375,-0.0000,-5.2480,3,3,3.2625,0.0000,-0.0020,1.0000,0.0000,-0.0009,0.0000
7.767,8.8082,-0.0000,-5.2481,3,3,3.1918,0.0000,-0.0019,1.0000,0.0000,-0.0009,0.0000
7.800,8.8790,-0.0000,-5.2481,3,3,3.1210,0.0000,-0.0019,1.0000,0.0000,-0.0009,0.0000
7.833,8.9498,-0.0000,-5.2482,3,3,3.0502,0.0000,-0.0018,1.0000,0.0000,-0.0008,0.0000
7.867,9.0207,-0.0000,-5.2482,3,3,2.9793,0.0000,-0.0018,1.0000,0.0000,-0.0008,0.0000
7.900,9.0916,-0.0000,-5.2483,3,3,2.9084,0.0000,-0.0017,1.0000,0.0000,-0.0008,0.0000
7.933,9.1625,-0.0000,-5.2483,3,3,2.8375,0.0000,-0.0017,0.9931,0.0000,-0.0008,0.0000
7.967,9.2335,-0.0000,-5.2483,3,3,2.7665,0.0000,-0.0017,0.9683,0.0000,-0.0007,0.0000
8.000,9.3045,-0.0000,-5.2484,3,3,2.6955,0.0000,-0.0016,0.9434,0.0000,-0.0007,0.0000
8.033,9.3753,-0.0000,-5.2484,3,3,2.6247,0.0000,-0.0016,0.9187,0.0000,-0.0007,0.0000
8.067,9.4458,-0.0000,-5.2485,3,3,2.5542,0.0000,-0.0015,0.8940,0.0000,-0.0007,0.0000
8.100,9.5162,-0.0000,-5.2485,3,3,2.4838,0.0000,-0.0015,0.8693,0.0000,-0.0007,0.0000
8.133,9.5862,-0.0000,-5.2486,3,3,2.4138,0.0000,-0.0014,0.8448,0.0000,-0.0006,0.0000
8.167,9.6557,-0.0000,-5.2486,3,3,2.3443,0.0000,-0.0014,0.8205,0.0000,-0.0006,0.0000
8.200,9.7249,-0.0000,-5.2487,3,3,2.2751,0.0000,-0.0013,0.7963,0.0000,-0.0006,0.0000
8.233,9.7935,-0.0000,-5.2487,3,3,2.2065,0.0000,-0.0013,0.7723,0.0000,-0.0006,0.0000
8.267,9.8616,-0.0000,-5.2488,3,3,2.1384,0.0000,-0.0012,0.7484,0.0000,-0.0005,0.0000
8.300,9.9291,-0.0000,-5.2488,3,3,2.0709,0.0000,-0.0012,0.7248,0.0000,-0.0005,0.0000
8.333,9.9960,-0.0000,-5.2489,3,3,2.0040,0.0000,-0.0011,0.7014,0.0000,-0.0005,0.0000
8.367,10.0622,-0.0000,-5.2489,3,3,1.9379,0.0000,-0.0011,0.6782,0.0000,-0.0005,0.0000
8.400,10.1276,-0.0000,-5.2490,3,3,1.8724,0.0000,-0.0010,0.6553,0.0000,-0.0005,0.0000
8.433,10.1923,-0.0000,-5.2490,3,3,1.8077,0.0000,-0.0010,0.6327,0.0000,-0.0004,0.0000
8.467,10.2562,-0.0000,-5.2491,3,3,1.7438,0.0000,-0.0009,0.6103,0.0000,-0.0004,0.0000
8.500,10.3194,-0.0000,-5.2491,3,3,1.6806,0.0000,-0.0009,0.5882,0.0000,-0.0004,0.0000
8.533,10.3816,-0.0000,-5.2491,3,3,1.6184,0.0000,-0.0009,0.5664,0.0000,-0.0004,0.0000
8.567,10.4430,-0.0000,-5.2492,3,3,1.5570,0.0000,-0.0008,0.5449,0.0000,-0.0004,0.0000
8.600,10.5036,-0.0000,-5.2492,3,3,1.4964,0.0000,-0.0008,0.5238,0.0000,-0.0004,0.0000
8.633,10.5632,-0.0000,-5.2493,3,3,1.4368,0.0000,-0.0007,0.5029,0.0000,-0.0003,0.0000
8.667,10.6218,-0.0000,-5.2493,3,3,1.3782,0.0000,-0.0007,0.4824,0.0000,-0.0003,0.0000
8.700,10.6796,-0.0000,-5.2493,3,3,1.3204,0.0000,-0.0007,0.4621,0.0000,-0.0003,0.0000
8.733,10.7364,-0.0000,-5.2494,3,3,1.2636,0.0000,-0.0006,0.4423,0.0000,-0.0003,0.0000
8.767,10.7922,-0.0000,-5.2494,3,3,1.2078,0.0000,-0.0006,0.4227,0.0000,-0.0003,0.0000
8.800,10.8470,-0.0000,-5.2495,3,3,1.1530,0.0000,-0.0005,0.4036,0.0000,-0.0002,0.0000
8.833,10.9008,-0.0000,-5.2495,3,3,1.0992,0.0000,-0.0005,0.3847,0.0000,-0.0002,0.0000
8.867,10.9536,-0.0000,-5.2495,3,3,1.0464,0.0000,-0.0005,0.3663,0.0000,-0.0002,0.0000
8.900,11.0053,-0.0000,-5.2496,3,3,0.9947,0.0000,-0.0004,0.3481,0.0000,-0.0002,0.0000
8.933,11.0561,-0.0000,-5.2496,3,3,0.9439,0.0000,-0.0004,0.3304,0.0000,-0.0002,0.0000
8.967,11.1058,-0.0000,-5.2496,3,3,0.8942,0.0000,-0.0004,0.3130,0.0000,-0.0002,0.0000
9.000,11.1545,-0.0000,-5.2497,3,3,0.8455,0.0000,-0.0003,0.2959,0.0000,-0.0002,0.0000
9.033,11.2021,-0.0000,-5.2497,4,3,6.7979,0.0000,-0.0003,1.0000,0.0000,-0.0001,0.0000
9.067,11.2510,-0.0000,-5.2497,4,3,6.7490,0.0000,-0.0003,1.0000,0.0000,-0.0001,0.0000
9.100,11.3010,-0.0000,-5.2497,4,3,6.6990,0.0000,-0.0003,1.0000,0.0000,-0.0001,0.0000
9.133,11.3522,-0.0000,-5.2498,4,3,6.6478,0.0000,-0.0002,1.0000,0.0000,-0.0001,0.0000
9.167,11.4045,-0.0000,-5.2498,4,3,6.5955,0.0000,-0.0002,1.0000,0.0000,-0.0001,0.0000
9.200,11.4577,-0.0000,-5.2498,4,3,6.5423,0.0000,-0.0002,1.0000,0.0000,-0.0001,0.0000
9.233,11.5120,-0.0000,-5.2499,4,3,6.4880,0.0000,-0.0001,1.0000,0.0000,-0.0001,0.0000
9.267,11.5671,-0.0000,-5.2499,4,3,6.4329,0.0000,-0.0001,1.0000,0.0000,-0.0001,0.0000
9.300,11.6232,-0.0000,-5.2499,4,3,6.3768,0.0000,-0.0001,1.0000,0.0000,-0.0000,0.0000
9.333,11.6800,-0.0000,-5.2499,4,3,6.3200,0.0000,-0.0001,1.0000,0.0000,-0.0000,0.0000
9.367,11.7376,-0.0000,-5.2500,4,3,6.2624,0.0000,-0.0000,1.0000,0.0000,-0.0000,0.0000
9.400,11.7960,-0.0000,-5.2500,4,3,6.2040,0.0000,-0.0000,1.0000,0.0000,-0.0000,0.0000
9.433,11.8551,-0.0000,-5.2500,4,3,6.1449,0.0000,-0.0000,1.0000,0.0000,-0.0000,0.0000
9.467,11.9149,-0.0000,-5.2500,4,3,6.0851,0.0000,0.0000,1.0000,0.0000,0.0000,0.0000
9.500,11.9753,-0.0000,-5.2500,4,3,6.0247,0.0000,0.0000,1.0000,0.0000,0.0000,0.0000
9.533,12.0363,-0.0000,-5.2501,4,4,5.9637,0.0000,0.0001,1.0000,0.0000,0.0000,0.0000
9.567,12.0979,-0.0000,-5.2501,4,4,5.9021,0.0000,0.0001,1.0000,0.0000,0.0000,0.0000
9.600,12.1600,-0.0000,-5.2501,4,4,5.8400,0.0000,0.0001,1.0000,0.0000,0.0000,0.0000
9.633,12.2227,-0.0000,-5.2501,4,4,5.7773,0.0000,0.0001,1.0000,0.0000,0.0000,0.0000
9.667,12.2858,-0.0000,-5.2501,4,4,5.7142,0.0000,0.0001,1.0000,0.0000,0.0001,0.0000
9.700,12.3494,-0.0000,-5.2501,4,4,5.6506,0.0000,0.0001,1.0000,0.0000,0.0001,0.0000
9.733,12.4135,-0.0000,-5.2501,4,4,5.5865,0.0000,0.0001,1.0000,0.0000,0.0001,0.0000
9.767,12.4779,-0.0000,-5.2502,4,4,5.5221,0.0000,0.0002,1.0000,0.0000,0.0001,0.0000
9.800,12.5428,-0.0000,-5.2502,4,4,5.4572,0.0000,0.0002,1.0000,0.0000,0.0001,0.0000
9.833,12.6080,-0.0000,-5.2502,4,4,5.3920,0.0000,0.0002,1.0000,0.0000,0.0001,0.0000
9.867,12.6736,-0.0000,-5.2502,4,4,5.3264,0.0000,0.0002,1.0000,0.0000,0.0001,0.0000
9.900,12.7395,-0.0000,-5.2502,4,4,5.2605,0.0000,0.0002,1.0000,0.0000,0.0001,0.0000
9.933,12.8058,-0.0000,-5.2502,4,4,5.1942,0.0000,0.0002,1.0000,0.0000,0.0001,0.0000
9.967,12.8723,-0.0000,-5.2502,4,4,5.1277,0.0000,0.0002,1.0000,0.0000,0.0001,0.0000
10.000,12.9391,-0.0000,-5.2502,4,4,5.0609,0.0000,0.0002,1.0000,0.0000,0.0001,0.0000
10.033,13.0062,-0.0000,-5.2502,4,4,4.9938,0.0000,0.0002,1.0000,0.0000,0.0001,0.0000
10.067,13.0736,-0.0000,-5.2502,4,4,4.9264,0.0000,0.0002,1.0000,0.0000,0.0001,0.0000
10.100,13.1411,-0.0000,-5.2502,4,4,4.8589,0.0000,0.0002,1.0000,0.0000,0.0001,0.0000
10.133,13.2090,-0.0000,-5.2502,4,4,4.7910,0.0000,0.0002,1.0000,0.0000,0.0001,0.0000
10.167,13.2770,-0.0000,-5.2503,4,4,4.7230,0.0000,0.0003,1.0000,0.0000,0.0001,0.0000
10.200,13.3452,-0.0000,-5.2503,4,4,4.6548,0.0000,0.0003,1.0000,0.0000,0.0001,0.0000
10.233,13.4136,-0.0000,-5.2503,4,4,4.5864,0.0000,0.0003,1.0000,0.0000,0.0001,0.0000
10.267,13.4823,-0.0000,-5.2503,4,4,4.5177,0.0000,0.0003,1.0000,0.0000,0.0001,0.0000
10.300,13.5510,-0.0000,-5.2503,4,4,4.4490,0.0000,0.0003,1.0000,0.0000,0.0001,0.0000
10.333,13.6200,-0.0000,-5.2503,4,4,4.3800,0.0000,0.0003,1.0000,0.0000,0.0001,0.0000
10.367,13.6891,-0.0000,-5.2503,4,4,4.3109,0.0000,0.0003,1.0000,0.0000,0.0001,0.0000
10.400,13.7583,-0.0000,-5.2503,4,4,4.2417,0.0000,0.0003,1.0000,0.0000,0.0001,0.0000
10.433,13.8277,-0.0000,-5.2503,4,4,4.1723,0.0000,0.0003,1.0000,0.0000,0.0001,0.0000
10.467,13.8972,-0.0000,-5.2503,4,4,4.1028,0.0000,0.0003,1.0000,0.0000,0.0001,0.0000
10.500,13.9669,-0.0000,-5.2503,4,4,4.0331,0.0000,0.0003,1.0000,0.0000,0.0001,0.0000
10.533,14.0366,-0.0000,-5.2503,4,4,3.9634,0.0000,0.0003,1.0000,0.0000,0.0001,0.0000
10.567,14.1065,-0.0000,-5.2503,4,4,3.8935,0.0000,0.0003,1.0000,0.0000,0.0001,0.0000
10.600,14.1765,-0.0000,-5.2503,4,4,3.8235,0.0000,0.0003,1.0000,0.0000,0.0001,0.0000
10.633,14.2465,-0.0000,-5.2503,4,4,3.7535,0.0000,0.0003,1.0000,0.0000,0.0001,0.0000
10.667,14.3167,-0.0000,-5.2503,4,4,3.6833,0.0000,0.0003,1.0000,0.0000,0.0001,0.0000
10.700,14.3870,-0.0000,-5.2503,4,4,3.6130,0.0000,0.0003,1.0000,0.0000,0.0001,0.0000
10.733,14.4573,-0.0000,-5.2503,4,4,3.5427,0.0000,0.0003,1.0000,0.0000,0.0001,0.0000
10.767,14.5277,-0.0000,-5.2503,4,4,3.4723,0.0000,0.0003,1.0000,0.0000,0.0001,0.0000
10.800,14.5982,-0.0000,-5.2503,4,4,3.4018,0.0000,0.0003,1.0000,0.0000,0.0001,0.0000
10.833,14.6688,-0.0000,-5.2503,4,4,3.3312,0.0000,0.0003,1.0000,0.0000,0.0001,0.0000
10.867,14.7394,-0.0000,-5.2503,4,4,3.2606,0.0000,0.0003,1.0000,0.0000,0.0001,0.0000
10.900,14.8101,-0.0000,-5.2502,4,4,3.1899,0.0000,0.0002,1.0000,0.0000,0.0001,0.0000
10.933,14.8808,-0.0000,-5.2502,4,4,3.1192,0.0000,0.0002,1.0000,0.0000,0.0001,0.0000
10.967,14.9516,-0.0000,-5.2502,4,4,3.0484,0.0000,0.0002,1.0000,0.0000,0.0001,0.0000
11.000,15.0225,-0.0000,-5.2502,4,4,2.9775,0.0000,0.0002,1.0000,0.0000,0.0001,0.0000
11.033,15.0934,-0.0000,-5.2502,4,4,2.9066,0.0000,0.0002,1.0000,0.0000,0.0001,0.0000
11.067,15.1644,-0.0000,-5.2502,4,4,2.8356,0.0000,0.0002,0.9925,0.0000,0.0001,0.0000
11.100,15.2354,-0.0000,-5.2502,4,4,2.7646,0.0000,0.0002,0.9676,0.0000,0.0001,0.0000
11.133,15.3063,-0.0000,-5.2502,4,4,2.6937,0.0000,0.0002,0.9428,0.0000,0.0001,0.0000
11.167,15.3771,-0.0000,-5.2502,4,4,2.6229,0.0000,0.0002,0.9180,0.0000,0.0001,0.0000
11.200,15.4477,-0.0000,-5.2502,4,4,2.5523,0.0000,0.0002,0.8933,0.0000,0.0001,0.0000
11.233,15.5180,-0.0000,-5.2502,4,4,2.4820,0.0000,0.0002,0.8687,0.0000,0.0001,0.0000
11.267,15.5879,-0.0000,-5.2502,4,4,2.4121,0.0000,0.0002,0.8442,0.0000,0.0001,0.0000
11.300,15.6575,-0.0000,-5.2502,4,4,2.3425,0.0000,0.0002,0.8199,0.0000,0.0001,0.0000
11.333,15.7267,-0.0000,-5.2502,4,4,2.2733,0.0000,0.0002,0.7957,0.0000,0.0001,0.0000
11.367,15.7953,-0.0000,-5.2502,4,4,2.2047,0.0000,0.0002,0.7717,0.0000,0.0001,0.0000
11.400,15.8634,-0.0000,-5.2502,4,4,2.1366,0.0000,0.0002,0.7478,0.0000,0.0001,0.0000
11.433,15.9308,-0.0000,-5.2502,4,4,2.0692,0.0000,0.0002,0.7242,0.0000,0.0001,0.0000
11.467,15.9977,-0.0000,-5.2502,4,4,2.0023,0.0000,0.0002,0.7008,0.0000,0.0001,0.0000
11.500,16.0638,-0.0000,-5.2502,4,4,1.9362,0.0000,0.0002,0.6777,0.0000,0.0001,0.0000
11.533,16.1293,-0.0000,-5.2502,4,4,1.8707,0.0000,0.0002,0.6548,0.0000,0.0001,0.0000
11.567,16.1940,-0.0000,-5.2502,4,4,1.8060,0.0000,0.0002,0.6321,0.0000,0.0001,0.0000
11.600,16.2579,-0.0000,-5.2502,4,4,1.7421,0.0000,0.0002,0.6098,0.0000,0.0001,0.0000
11.633,16.3209,-0.0000,-5.2501,4,4,1.6791,0.0000,0.0001,0.5877,0.0000,0.0001,0.0000
11.667,16.3832,-0.0000,-5.2501,4,4,1.6168,0.0000,0.0001,0.5659,0.0000,0.0001,0.0000
11.700,16.4446,-0.0000,-5.2501,4,4,1.5554,0.0000,0.0001,0.5444,0.0000,0.0001,0.0000
11.733,16.5051,-0.0000,-5.2501,4,4,1.4949,0.0000,0.0001,0.5232,0.0000,0.0001,0.0000
11.767,16.5647,-0.0000,-5.2501,4,4,1.4353,0.0000,0.0001,0.5024,0.0000,0.0001,0.0000
11.800,16.6233,-0.0000,-5.2501,4,4,1.3767,0.0000,0.0001,0.4818,0.0000,0.0001,0.0000
11.833,16.6810,-0.0000,-5.2501,4,4,1.3190,0.0000,0.0001,0.4616,0.0000,0.0001,0.0000
11.867,16.7378,-0.0000,-5.2501,4,4,1.2622,0.0000,0.0001,0.4418,0.0000,0.0001,0.0000
11.900,16.7935,-0.0000,-5.2501,4,4,1.2065,0.0000,0.0001,0.4223,0.0000,0.0000,0.0000
11.933,16.8483,-0.0000,-5.2501,4,4,1.1517,0.0000,0.0001,0.4031,0.0000,0.0000,0.0000
11.967,16.9021,-0.0000,-5.2501,4,4,1.0979,0.0000,0.0001,0.3843,0.0000,0.0000,0.0000
12.000,16.9549,-0.0000,-5.2501,4,4,1.0451,0.0000,0.0001,0.3658,0.0000,0.0000,0.0000
12.033,17.0066,-0.0000,-5.2501,4,4,0.9934,0.0000,0.0001,0.3477,0.0000,0.0000,0.0000
12.067,17.0573,-0.0000,-5.2501,4,4,0.9427,0.0000,0.0001,0.3299,0.0000,0.0000,0.0000
12.100,17.1070,-0.0000,-5.2501,4,4,0.8930,0.0000,0.0001,0.3125,0.0000,0.0000,0.0000
12.133,17.1557,-0.0000,-5.2501,4,4,0.8443,0.0000,0.0001,0.2955,0.0000,0.0000,0.0000
12.167,17.2033,-0.0000,-5.2501,,4,,,,0.2500,0.0000,0.0000,0.0000
12.200,17.2498,-0.0000,-5.2501,,4,,,,0.2500,0.0000,0.0000,0.0000
12.233,17.2952,-0.0000,-5.2501,,4,,,,0.2500,0.0000,0.0000,0.0000
12.267,17.3395,-0.0000,-5.2501,,4,,,,0.2500,0.0000,0.0000,0.0000
12.300,17.3829,-0.0000,-5.2501,,4,,,,0.2500,0.0000,0.0000,0.0000
12.333,17.4253,-0.0000,-5.2501,,4,,,,0.2500,0.0000,0.0000,0.0000
12.367,17.4669,-0.0000,-5.2501,,4,,,,0.2500,0.0000,0.0000,0.0000
12.400,17.5076,-0.0000,-5.2500,,4,,,,0.2500,0.0000,0.0000,0.0000
12.433,17.5475,-0.0000,-5.2500,,4,,,,0.2500,0.0000,0.0000,0.0000
12.467,17.5866,-0.0000,-5.2500,,4,,,,0.2500,0.0000,0.0000,0.0000
12.500,17.6249,-0.0000,-5.2500,,4,,,,0.2500,0.0000,0.0000,0.0000
12.533,17.6626,-0.0000,-5.2500,,4,,,,0.2500,0.0000,0.0000,0.0000
12.567,17.6995,-0.0000,-5.2500,,4,,,,0.2500,0.0000,0.0000,0.0000
12.600,17.7359,-0.0000,-5.2500,,4,,,,0.2500,0.0000,0.0000,0.0000
12.633,17.7716,-0.0000,-5.2500,,4,,,,0.2500,0.0000,0.0000,0.0000
12.667,17.8067,-0.0000,-5.2500,,4,,,,0.2500,0.0000,0.0000,0.0000
12.700,17.8413,-0.0000,-5.2500,,4,,,,0.2500,0.0000,0.0000,0.0000
12.733,17.8753,-0.0000,-5.2500,,4,,,,0.2500,0.0000,0.0000,0.0000
12.767,17.9088,-0.0000,-5.2500,,4,,,,0.2500,0.0000,0.0000,0.0000
12.800,17.9418,-0.0000,-5.2500,,4,,,,0.2500,0.0000,0.0000,0.0000
12.833,17.9743,-0.0000,-5.2500,,4,,,,0.2500,0.0000,0.0000,0.0000
12.867,18.0064,-0.0000,-5.2500,,,,,,0.2500,0.0000,0.0000,0.0000
12.900,18.0381,-0.0000,-5.2500,,,,,,0.2500,0.0000,0.0000,0.0000
12.933,18.0693,-0.0000,-5.2500,,,,,,0.2500,0.0000,0.0000,0.0000
12.967,18.1002,-0.0000,-5.2500,,,,,,0.2500,0.0000,0.0000,0.0000
13.000,18.1306,-0.0000,-5.2500,,,,,,0.2500,0.0000,0.0000,0.0000
13.033,18.1607,-0.0000,-5.2500,,,,,,0.2500,0.0000,0.0000,0.0000
13.067,18.1905,-0.0000,-5.2500,,,,,,0.2500,0.0000,0.0000,0.0000
13.100,18.2199,-0.0000,-5.2500,,,,,,0.2500,0.0000,0.0000,0.0000
13.133,18.2490,-0.0000,-5.2500,,,,,,0.2500,0.0000,0.0000,0.0000
13.167,18.2778,-0.0000,-5.2500,,,,,,0.2500,0.0000,0.0000,0.0000
13.200,18.3063,-0.0000,-5.2500,,,,,,0.2500,0.0000,0.0000,0.0000
13.233,18.3345,-0.0000,-5.2500,,,,,,0.2500,0.0000,0.0000,0.0000
13.267,18.3625,-0.0000,-5.2500,,,,,,0.2500,0.0000,0.0000,0.0000
13.300,18.3902,-0.0000,-5.2500,,,,,,0.2500,0.0000,0.0000,0.0000
13.333,18.4176,-0.0000,-5.2500,,,,,,0.2500,0.0000,0.0000,0.0000
13.367,18.4448,-0.0000,-5.2500,,,,,,0.2500,0.0000,0.0000,0.0000
13.400,18.4718,-0.0000,-5.2500,,,,,,0.2500,0.0000,0.0000,0.0000
13.433,18.4986,-0.0000,-5.2500,,,,,,0.2500,0.0000,0.0000,0.0000
13.467,18.5252,-0.0000,-5.2500,,,,,,0.2500,0.0000,0.0000,0.0000
13.500,18.5515,-0.0000,-5.2500,,,,,,0.2500,0.0000,0.0000,0.0000
13.533,18.5777,-0.0000,-5.2500,,,,,,0.2500,0.0000,0.0000,0.0000
13.567,18.6037,-0.0000,-5.2500,,,,,,0.2500,0.0000,0.0000,0.0000
13.600,18.6295,-0.0000,-5.2500,,,,,,0.2500,0.0000,0.0000,0.0000
13.633,18.6551,-0.0000,-5.2500,,,,,,0.2500,0.0000,0.0000,0.0000
13.667,18.6806,-0.0000,-5.2500,,,,,,0.2500,0.0000,0.0000,0.0000
13.700,18.7060,-0.0000,-5.2500,,,,,,0.2500,0.0000,0.0000,0.0000
13.733,18.7311,-0.0000,-5.2500,,,,,,0.2500,0.0000,0.0000,0.0000
13.767,18.7562,-0.0000,-5.2500,,,,,,0.2500,0.0000,0.0000,0.0000
13.800,18.7811,-0.0000,-5.2500,,,,,,0.2500,0.0000,0.0000,0.0000
13.833,18.8059,-0.0000,-5.2500,,,,,,0.2500,0.0000,0.0000,0.0000
13.867,18.8305,-0.0000,-5.2500,,,,,,0.2500,0.0000,0.0000,0.0000
13.900,18.8550,-0.0000,-5.2500,,,,,,0.2500,0.0000,0.0000,0.0000
13.933,18.8794,-0.0000,-5.2500,,,,,,0.2500,0.0000,0.0000,0.0000
13.967,18.9037,-0.0000,-5.2500,,,,,,0.2500,0.0000,0.0000,0.0000
14.000,18.9279,-0.0000,-5.2500,,,,,,0.2500,0.0000,0.0000,0.0000
14.033,18.9520,-0.0000,-5.2500,,,,,,0.2500,0.0000,0.0000,0.0000
14.067,18.9760,-0.0000,-5.2500,,,,,,0.2500,0.0000,0.0000,0.0000
14.100,18.9999,-0.0000,-5.2500,,,,,,0.2500,0.0000,0.0000,0.0000
14.133,19.0237,-0.0000,-5.2500,,,,,,0.2500,0.0000,0.0000,0.0000
14.167,19.0474,-0.0000,-5.2500,,,,,,0.2500,0.0000,0.0000,0.0000
14.200,19.0711,-0.0000,-5.2500,,,,,,0.2500,0.0000,0.0000,0.0000
14.233,19.0946,-0.0000,-5.2500,,,,,,0.2500,0.0000,0.0000,0.0000
14.267,19.1181,-0.0000,-5.2500,,,,,,0.2500,0.0000,0.0000,0.0000
14.300,19.1415,-0.0000,-5.2500,,,,,,0.2500,0.0000,0.0000,0.0000
14.333,19.1648,-0.0000,-5.2500,,,,,,0.2500,0.0000,0.0000,0.0000
14.367,19.1881,-0.0000,-5.2500,,,,,,0.2500,0.0000,0.0000,0.0000
14.400,19.2113,-0.0000,-5.2500,,,,,,0.2500,0.0000,0.0000,0.0000
14.433,19.2345,-0.0000,-5.2500,,,,,,0.2500,0.0000,0.0000,0.0000
14.467,19.2575,-0.0000,-5.2500,,,,,,0.2500,0.0000,0.0000,0.0000
14.500,19.2806,-0.0000,-5.2500,,,,,,0.2500,0.0000,0.0000,0.0000
14.533,19.3035,-0.0000,-5.2500,,,,,,0.2500,0.0000,0.0000,0.0000
14.567,19.3265,-0.0000,-5.2500,,,,,,0.2500,0.0000,0.0000,0.0000
14.600,19.3493,-0.0000,-5.2500,,,,,,0.2500,0.0000,0.0000,0.0000
14.633,19.3721,-0.0000,-5.2500,,,,,,0.2500,0.0000,0.0000,0.0000
14.667,19.3949,-0.0000,-5.2500,,,,,,0.2500,0.0000,0.0000,0.0000
14.700,19.4176,-0.0000,-5.2500,,,,,,0.2500,0.0000,0.0000,0.0000
14.733,19.4403,-0.0000,-5.2500,,,,,,0.2500,0.0000,0.0000,0.0000
14.767,19.4630,-0.0000,-5.2500,,,,,,0.2500,0.0000,0.0000,0.0000
14.800,19.4856,-0.0000,-5.2500,,,,,,0.2500,0.0000,0.0000,0.0000
14.833,19.5081,-0.0000,-5.2500,,,,,,0.2500,0.0000,0.0000,0.0000
14.867,19.5307,-0.0000,-5.2500,,,,,,0.2500,0.0000,0.0000,0.0000
14.900,19.5532,-0.0000,-5.2500,,,,,,0.2500,0.0000,0.0000,0.0000
14.933,19.5756,-0.0000,-5.2500,,,,,,0.2500,0.0000,0.0000,0.0000
14.967,19.5980,-0.0000,-5.2500,,,,,,0.2500,0.0000,0.0000,0.0000
15.000,19.6204,-0.0000,-5.2500,,,,,,0.2500,0.0000,0.0000,0.0000
15.033,19.6428,-0.0000,-5.2500,,,,,,0.2500,0.0000,0.0000,0.0000
15.067,19.6651,-0.0000,-5.2500,,,,,,0.2500,0.0000,0.0000,0.0000
15.100,19.6875,-0.0000,-5.2500,,,,,,0.2500,0.0000,0.0000,0.0000
15.133,19.7097,-0.0000,-5.2500,,,,,,0.2500,0.0000,0.0000,0.0000
15.167,19.7320,-0.0000,-5.2500,,,,,,0.2500,0.0000,0.0000,0.0000
15.200,19.7542,-0.0000,-5.2500,,,,,,0.2500,0.0000,0.0000,0.0000
15.233,19.7765,-0.0000,-5.2500,,,,,,0.2500,0.0000,0.0000,0.0000
15.267,19.7986,-0.0000,-5.2500,,,,,,0.2500,0.0000,0.0000,0.0000
15.300,19.8208,-0.0000,-5.2500,,,,,,0.2500,0.0000,0.0000,0.0000
15.333,19.8430,-0.0000,-5.2500,,,,,,0.2500,0.0000,0.0000,0.0000
15.367,19.8651,-0.0000,-5.2500,,,,,,0.2500,0.0000,0.0000,0.0000
15.400,19.8872,-0.0000,-5.2500,,,,,,0.2500,0.0000,0.0000,0.0000
15.433,19.9093,-0.0000,-5.2500,,,,,,0.2500,0.0000,0.0000,0.0000
15.467,19.9314,-0.0000,-5.2500,,,,,,0.2500,0.0000,0.0000,0.0000
15.500,19.9534,-0.0000,-5.2500,,,,,,0.2500,0.0000,0.0000,0.0000
15.533,19.9755,-0.0000,-5.2500,,,,,,0.2500,0.0000,0.0000,0.0000
15.567,19.9975,-0.0000,-5.2500,,,,,,0.2500,0.0000,0.0000,0.0000
15.600,20.0195,-0.0000,-5.2500,,,,,,0.2500,0.0000,0.0000,0.0000
15.633,20.0415,-0.0000,-5.2500,,,,,,0.2500,0.0000,0.0000,0.0000
15.667,20.0635,-0.0000,-5.2500,,,,,,0.2500,0.0000,0.0000,0.0000
15.700,20.0854,-0.0000,-5.2500,,,,,,0.2500,0.0000,0.0000,0.0000
15.733,20.1074,-0.0000,-5.2500,,,,,,0.2500,0.0000,0.0000,0.0000
15.767,20.1293,-0.0000,-5.2500,,,,,,0.2500,0.0000,0.0000,0.0000
15.800,20.1513,-0.0000,-5.2500,,,,,,0.2500,0.0000,0.0000,0.0000
15.833,20.1732,-0.0000,-5.2500,,,,,,0.2500,0.0000,0.0000,0.0000
15.867,20.1951,-0.0000,-5.2500,,,,,,0.2500,0.0000,0.0000,0.0000
15.900,20.2170,-0.0000,-5.2500,,,,,,0.2500,0.0000,0.0000,0.0000
15.933,20.2389,-0.0000,-5.2500,,,,,,0.2500,0.0000,0.0000,0.0000
15.967,20.2608,-0.0000,-5.2500,,,,,,0.2500,0.0000,0.0000,0.0000
16.000,20.2827,-0.0000,-5.2500,,,,,,0.2500,0.0000,0.0000,0.0000
16.033,20.3045,-0.0000,-5.2500,,,,,,0.2500,0.0000,0.0000,0.0000
16.067,20.3264,-0.0000,-5.2500,,,,,,0.2500,0.0000,0.0000,0.0000
16.100,20.3482,-0.0000,-5.2500,,,,,,0.2500,0.0000,0.0000,0.0000
16.133,20.3701,-0.0000,-5.2500,,,,,,0.2500,0.0000,0.0000,0.0000
16.167,20.3919,-0.0000,-5.2500,,,,,,0.2500,0.0000,0.0000,0.0000
16.200,20.4137,-0.0000,-5.2500,,,,,,0.2500,0.0000,0.0000,0.0000
16.233,20.4355,-0.0000,-5.2500,,,,,,0.2500,0.0000,0.0000,0.0000
16.267,20.4573,-0.0000,-5.2500,,,,,,0.2500,0.0000,0.0000,0.0000
16.300,20.4791,-0.0000,-5.2500,,,,,,0.2500,0.0000,0.0000,0.0000
16.333,20.5009,-0.0000,-5.2500,,,,,,0.2500,0.0000,0.0000,0.0000
16.367,20.5227,-0.0000,-5.2500,,,,,,0.2500,0.0000,0.0000,0.0000
16.400,20.5445,-0.0000,-5.2500,,,,,,0.2500,0.0000,0.0000,0.0000
16.433,20.5663,-0.0000,-5.2500,,,,,,0.2500,0.0000,0.0000,0.0000
16.467,20.5881,-0.0000,-5.2500,,,,,,0.2500,0.0000,0.0000,0.0000
16.500,20.6099,-0.0000,-5.2500,,,,,,0.2500,0.0000,0.0000,0.0000
16.533,20.6316,-0.0000,-5.2500,,,,,,0.2500,0.0000,0.0000,0.0000
16.567,20.6534,-0.0000,-5.2500,,,,,,0.2500,0.0000,0.0000,0.0000
16.600,20.6751,-0.0000,-5.2500,,,,,,0.2500,0.0000,0.0000,0.0000
16.633,20.6969,-0.0000,-5.2500,,,,,,0.2500,0.0000,0.0000,0.0000
16.667,20.7187,-0.0000,-5.2500,,,,,,0.2500,0.0000,0.0000,0.0000
16.700,20.7404,-0.0000,-5.2500,,,,,,0.2500,0.0000,0.0000,0.0000
16.733,20.7621,-0.0000,-5.2500,,,,,,0.2500,0.0000,0.0000,0.0000
16.767,20.7839,-0.0000,-5.2500,,,,,,0.2500,0.0000,0.0000,0.0000
16.800,20.8056,-0.0000,-5.2500,,,,,,0.2500,0.0000,0.0000,0.0000
16.833,20.8274,-0.0000,-5.2500,,,,,,0.2500,0.0000,0.0000,0.0000
16.867,20.8491,-0.0000,-5.2500,,,,,,0.2500,0.0000,0.0000,0.0000
