time,x,y,z,yaw_deg,onboard_gate_id,onboard_active_gate_id,onboard_phase,referee_active_gate_id,target_name,target_x,target_y,target_z,distance_to_gate,bearing_error,vertical_error,command_surge,command_sway,command_heave,command_yaw
0.000,-5.0000,-0.0000,-5.0000,-0.0000,1,1,APPROACH,1,approach,-1.9657,-0.3686,-5.2500,3.0668,-6.9259,-0.2500,1.0000,0.0000,-0.1125,-0.0500
0.033,-4.9968,-0.0000,-5.0003,-0.0079,1,1,APPROACH,1,approach,-1.9657,-0.3686,-5.2500,3.0636,-6.9251,-0.2497,1.0000,0.0000,-0.1123,-0.0544
0.067,-4.9907,-0.0000,-5.0010,-0.0243,1,1,APPROACH,1,approach,-1.9657,-0.3686,-5.2500,3.0574,-6.9227,-0.2490,1.0000,0.0000,-0.1121,-0.0544
0.100,-4.9815,-0.0000,-5.0020,-0.0488,1,1,APPROACH,1,approach,-1.9657,-0.3686,-5.2500,3.0483,-6.9189,-0.2480,1.0000,0.0000,-0.1116,-0.0543
0.133,-4.9696,-0.0000,-5.0032,-0.0814,1,1,APPROACH,1,approach,-1.9657,-0.3686,-5.2500,3.0364,-6.9137,-0.2468,1.0000,0.0000,-0.1110,-0.0543
0.167,-4.9549,-0.0000,-5.0048,-0.1217,1,1,APPROACH,1,approach,-1.9657,-0.3686,-5.2500,3.0217,-6.9071,-0.2452,1.0000,0.0000,-0.1103,-0.0542
0.200,-4.9376,-0.0001,-5.0066,-0.1697,1,1,APPROACH,1,approach,-1.9657,-0.3686,-5.2500,3.0045,-6.8993,-0.2434,1.0000,0.0000,-0.1095,-0.0542
0.233,-4.9177,-0.0001,-5.0087,-0.2250,1,1,APPROACH,1,approach,-1.9657,-0.3686,-5.2500,2.9847,-6.8904,-0.2413,1.0000,0.0000,-0.1086,-0.0541
0.267,-4.8955,-0.0001,-5.0111,-0.2875,1,1,APPROACH,1,approach,-1.9657,-0.3686,-5.2500,2.9624,-6.8806,-0.2389,1.0000,0.0000,-0.1075,-0.0540
0.300,-4.8709,-0.0002,-5.0137,-0.3571,1,1,APPROACH,1,approach,-1.9657,-0.3686,-5.2500,2.9379,-6.8700,-0.2363,1.0000,0.0000,-0.1064,-0.0540
0.333,-4.8440,-0.0003,-5.0165,-0.4334,1,1,APPROACH,1,approach,-1.9657,-0.3686,-5.2500,2.9111,-6.8588,-0.2335,1.0000,0.0000,-0.1051,-0.0539
0.367,-4.8150,-0.0004,-5.0195,-0.5164,1,1,APPROACH,1,approach,-1.9657,-0.3686,-5.2500,2.8822,-6.8472,-0.2305,1.0000,0.0000,-0.1037,-0.0538
0.400,-4.7840,-0.0005,-5.0227,-0.6058,1,1,APPROACH,1,approach,-1.9657,-0.3686,-5.2500,2.8513,-6.8355,-0.2273,0.9909,0.0000,-0.1023,-0.0537
0.433,-4.7510,-0.0006,-5.0261,-0.7073,1,1,APPROACH,1,approach,-1.9657,-0.3686,-5.2500,2.8184,-6.8180,-0.2239,0.9795,0.0000,-0.1008,-0.0535
0.467,-4.7162,-0.0008,-5.0296,-0.8233,1,1,APPROACH,1,approach,-1.9657,-0.3686,-5.2500,2.7837,-6.7924,-0.2204,0.9674,0.0000,-0.0992,-0.0533
0.500,-4.6796,-0.0011,-5.0333,-0.9532,1,1,APPROACH,1,approach,-1.9657,-0.3686,-5.2500,2.7472,-6.7590,-0.2167,0.9548,0.0000,-0.0975,-0.0531
0.533,-4.6415,-0.0013,-5.0372,-1.0967,1,1,APPROACH,1,approach,-1.9657,-0.3686,-5.2500,2.7092,-6.7184,-0.2128,0.9417,0.0000,-0.0958,-0.0528
0.567,-4.6018,-0.0016,-5.0412,-1.2534,1,1,APPROACH,1,approach,-1.9657,-0.3686,-5.2500,2.6697,-6.6709,-0.2088,0.9281,0.0000,-0.0940,-0.0524
0.600,-4.5608,-0.0020,-5.0453,-1.4228,1,1,APPROACH,1,approach,-1.9657,-0.3686,-5.2500,2.6288,-6.6171,-0.2047,0.9139,0.0000,-0.0921,-0.0520
0.633,-4.5185,-0.0025,-5.0496,-1.6044,1,1,APPROACH,1,approach,-1.9657,-0.3686,-5.2500,2.5867,-6.5574,-0.2004,0.8994,0.0000,-0.0902,-0.0515
0.667,-4.4750,-0.0030,-5.0539,-1.7978,1,1,APPROACH,1,approach,-1.9657,-0.3686,-5.2500,2.5433,-6.4923,-0.1961,0.8845,0.0000,-0.0882,-0.0510
0.700,-4.4305,-0.0035,-5.0584,-2.0025,1,1,APPROACH,1,approach,-1.9657,-0.3686,-5.2500,2.4990,-6.4223,-0.1916,0.8692,0.0000,-0.0862,-0.0504
0.733,-4.3850,-0.0042,-5.0629,-2.2181,1,1,APPROACH,1,approach,-1.9657,-0.3686,-5.2500,2.4537,-6.3479,-0.1871,0.8535,0.0000,-0.0842,-0.0499
0.767,-4.3386,-0.0049,-5.0674,-2.4441,1,1,APPROACH,1,approach,-1.9657,-0.3686,-5.2500,2.4075,-6.2696,-0.1826,0.8376,0.0000,-0.0822,-0.0492
0.800,-4.2914,-0.0057,-5.0721,-2.6801,1,1,APPROACH,1,approach,-1.9657,-0.3686,-5.2500,2.3605,-6.1880,-0.1779,0.8214,0.0000,-0.0801,-0.0486
0.833,-4.2436,-0.0066,-5.0768,-2.9256,1,1,APPROACH,1,approach,-1.9657,-0.3686,-5.2500,2.3129,-6.1036,-0.1732,0.8049,0.0000,-0.0780,-0.0479
0.867,-4.1951,-0.0076,-5.0815,-3.1801,1,1,APPROACH,1,approach,-1.9657,-0.3686,-5.2500,2.2647,-6.0169,-0.1685,0.7883,0.0000,-0.0758,-0.0473
0.900,-4.1462,-0.0087,-5.0863,-3.4433,1,1,APPROACH,1,approach,-1.9657,-0.3686,-5.2500,2.2160,-5.9286,-0.1637,0.7714,0.0000,-0.0737,-0.0466
0.933,-4.0967,-0.0099,-5.0911,-3.7146,1,1,APPROACH,1,approach,-1.9657,-0.3686,-5.2500,2.1668,-5.8392,-0.1589,0.7544,0.0000,-0.0715,-0.0459
0.967,-4.0469,-0.0112,-5.0959,-3.9937,1,1,APPROACH,1,approach,-1.9657,-0.3686,-5.2500,2.1173,-5.7492,-0.1541,0.7373,0.0000,-0.0694,-0.0452
1.000,-3.9968,-0.0127,-5.1007,-4.2802,1,1,APPROACH,1,approach,-1.9657,-0.3686,-5.2500,2.0674,-5.6593,-0.1493,0.7201,0.0000,-0.0672,-0.0444
1.033,-3.9465,-0.0142,-5.1055,-4.5735,1,1,APPROACH,1,approach,-1.9657,-0.3686,-5.2500,2.0174,-5.5701,-0.1445,0.7028,0.0000,-0.0650,-0.0437
1.067,-3.8961,-0.0158,-5.1104,-4.8734,1,1,APPROACH,1,approach,-1.9657,-0.3686,-5.2500,1.9672,-5.4822,-0.1396,0.6854,0.0000,-0.0628,-0.0431
1.100,-3.8455,-0.0176,-5.1152,-5.1795,1,1,APPROACH,1,approach,-1.9657,-0.3686,-5.2500,1.9170,-5.3963,-0.1348,0.6680,0.0000,-0.0607,-0.0424
1.133,-3.7949,-0.0195,-5.1200,-5.4913,1,1,APPROACH,1,approach,-1.9657,-0.3686,-5.2500,1.8667,-5.3130,-0.1300,0.6505,0.0000,-0.0585,-0.0417
1.167,-3.7443,-0.0215,-5.1247,-5.8086,1,1,APPROACH,1,approach,-1.9657,-0.3686,-5.2500,1.8164,-5.2329,-0.1253,0.6331,0.0000,-0.0564,-0.0411
1.200,-3.6938,-0.0237,-5.1295,-6.1310,1,1,APPROACH,1,approach,-1.9657,-0.3686,-5.2500,1.7662,-5.1568,-0.1205,0.6157,0.0000,-0.0542,-0.0405
1.233,-3.6434,-0.0259,-5.1342,-6.4581,1,1,APPROACH,1,approach,-1.9657,-0.3686,-5.2500,1.7162,-5.0854,-0.1158,0.5983,0.0000,-0.0521,-0.0399
1.267,-3.5932,-0.0283,-5.1389,-6.7898,1,1,APPROACH,1,approach,-1.9657,-0.3686,-5.2500,1.6664,-5.0194,-0.1111,0.5810,0.0000,-0.0500,-0.0394
1.300,-3.5432,-0.0308,-5.1435,-7.1256,1,1,APPROACH,1,approach,-1.9657,-0.3686,-5.2500,1.6168,-4.9596,-0.1065,0.5638,0.0000,-0.0479,0.0000
1.333,-3.4936,-0.0334,-5.1481,-7.4530,1,1,APPROACH,1,approach,-1.9657,-0.3686,-5.2500,1.5674,-4.9192,-0.1019,0.5466,0.0000,-0.0459,0.0000
1.367,-3.4442,-0.0362,-5.1526,-7.7723,1,1,APPROACH,1,approach,-1.9657,-0.3686,-5.2500,1.5185,-4.8987,-0.0974,0.5295,0.0000,-0.0438,0.0000
1.400,-3.3951,-0.0390,-5.1571,-8.0836,1,1,APPROACH,1,approach,-1.9657,-0.3686,-5.2500,1.4698,-4.8985,-0.0929,0.5126,0.0000,-0.0418,0.0000
1.433,-3.3465,-0.0420,-5.1616,-8.3871,1,1,APPROACH,1,approach,-1.9657,-0.3686,-5.2500,1.4216,-4.9193,-0.0884,0.4957,0.0000,-0.0398,0.0000
1.467,-3.2983,-0.0451,-5.1659,-8.6830,1,1,APPROACH,1,approach,-1.9657,-0.3686,-5.2500,1.3738,-4.9618,-0.0841,0.4790,0.0000,-0.0378,0.0000
1.500,-3.2505,-0.0483,-5.1702,-8.9715,1,1,APPROACH,1,approach,-1.9657,-0.3686,-5.2500,1.3265,-5.0268,-0.0798,0.4625,0.0000,-0.0359,-0.0395
1.533,-3.2033,-0.0516,-5.1745,-9.2653,1,1,APPROACH,1,approach,-1.9657,-0.3686,-5.2500,1.2797,-5.1027,-0.0755,0.4461,0.0000,-0.0340,-0.0401
1.567,-3.1565,-0.0550,-5.1786,-9.5645,1,1,APPROACH,1,approach,-1.9657,-0.3686,-5.2500,1.2335,-5.1908,-0.0714,0.4299,0.0000,-0.0321,-0.0408
1.600,-3.1103,-0.0584,-5.1827,-9.8691,1,1,APPROACH,1,approach,-1.9657,-0.3686,-5.2500,1.1878,-5.2923,-0.0673,0.4139,0.0000,-0.0303,-0.0416
1.633,-3.0647,-0.0620,-5.1867,-10.1793,1,1,APPROACH,1,approach,-1.9657,-0.3686,-5.2500,1.1427,-5.4087,-0.0633,0.3982,0.0000,-0.0285,-0.0425
1.667,-3.0197,-0.0656,-5.1907,-10.4952,1,1,APPROACH,1,approach,-1.9657,-0.3686,-5.2500,1.0982,-5.5417,-0.0593,0.3826,0.0000,-0.0267,-0.0435
1.700,-2.9752,-0.0694,-5.1945,-10.8170,1,1,APPROACH,1,approach,-1.9657,-0.3686,-5.2500,1.0544,-5.6930,-0.0555,0.3672,0.0000,-0.0250,-0.0447
1.733,-2.9315,-0.0731,-5.1983,-11.1449,1,1,APPROACH,1,approach,-1.9657,-0.3686,-5.2500,1.0112,-5.8647,-0.0517,0.3521,0.0000,-0.0233,-0.0461
1.767,-2.8884,-0.0770,-5.2020,-11.4792,1,1,APPROACH,1,approach,-1.9657,-0.3686,-5.2500,0.9688,-6.0588,-0.0480,0.3372,0.0000,-0.0216,-0.0476
1.800,-2.8459,-0.0809,-5.2056,-11.8203,1,1,APPROACH,1,approach,-1.9657,-0.3686,-5.2500,0.9270,-6.2780,-0.0444,0.3225,0.0000,-0.0200,-0.0493
1.833,-2.8041,-0.0849,-5.2092,-12.1684,1,1,APPROACH,1,approach,-1.9657,-0.3686,-5.2500,0.8860,-6.5250,-0.0408,0.3081,0.0000,-0.0184,-0.0512
1.867,-2.7631,-0.0889,-5.2126,-12.5241,1,1,APPROACH,1,approach,-1.9657,-0.3686,-5.2500,0.8458,-6.8030,-0.0374,0.2939,0.0000,-0.0168,-0.0534
1.900,-2.7227,-0.0930,-5.2160,-12.8879,1,1,APPROACH,1,approach,-1.9657,-0.3686,-5.2500,0.8063,-7.1155,-0.0340,0.2800,0.0000,-0.0153,-0.0559
1.933,-2.6831,-0.0971,-5.2192,-13.2603,1,1,APPROACH,1,approach,-1.9657,-0.3686,-5.2500,0.7677,-7.4668,-0.0308,0.2556,0.0000,-0.0138,-0.0586
1.967,-2.6443,-0.1012,-5.2224,-13.6419,1,1,APPROACH,1,approach,-1.9657,-0.3686,-5.2500,0.7298,-7.8611,-0.0276,0.2308,0.0000,-0.0124,-0.0617
2.000,-2.6063,-0.1054,-5.2255,-14.0336,1,1,APPROACH,1,approach,-1.9657,-0.3686,-5.2500,0.6929,-8.3031,-0.0245,0.2079,0.0000,-0.0110,-0.0652
2.033,-2.5691,-0.1095,-5.2285,-14.4362,1,1,APPROACH,1,approach,-1.9657,-0.3686,-5.2500,0.6570,-8.7985,-0.0215,0.2000,0.0000,-0.0097,-0.0691
2.067,-2.5328,-0.1137,-5.2315,-14.8506,1,1,APPROACH,1,approach,-1.9657,-0.3686,-5.2500,0.6219,-9.3539,-0.0185,0.2000,0.0000,-0.0083,-0.0735
2.100,-2.4972,-0.1179,-5.2343,-15.2779,1,1,TRANSIT,1,exit,1.9657,0.3686,-5.2500,4.4894,21.4982,-0.0157,1.0000,0.0000,-0.0071,-0.0235
2.133,-2.4600,-0.1227,-5.2370,-15.6983,1,1,TRANSIT,1,exit,1.9657,0.3686,-5.2500,4.4529,22.0323,-0.0130,1.0000,0.0000,-0.0058,0.0265
2.167,-2.4212,-0.1282,-5.2397,-16.1040,1,1,TRANSIT,1,exit,1.9657,0.3686,-5.2500,4.4150,22.5643,-0.0103,1.0000,0.0000,-0.0046,0.0765
2.200,-2.3809,-0.1343,-5.2423,-16.4874,1,1,TRANSIT,1,exit,1.9657,0.3686,-5.2500,4.3757,23.0871,-0.0077,1.0000,0.0000,-0.0035,0.1265
2.233,-2.3392,-0.1411,-5.2447,-16.8411,1,1,TRANSIT,1,exit,1.9657,0.3686,-5.2500,4.3350,23.5933,-0.0053,1.0000,0.0000,-0.0024,0.1765
2.267,-2.2962,-0.1485,-5.2471,-17.1580,1,1,TRANSIT,1,exit,1.9657,0.3686,-5.2500,4.2932,24.0760,-0.0029,1.0000,0.0000,-0.0013,0.1891
2.300,-2.2520,-0.1566,-5.2494,-17.4371,1,1,TRANSIT,1,exit,1.9657,0.3686,-5.2500,4.2503,24.5343,-0.0006,1.0000,0.0000,-0.0003,0.1927
2.333,-2.2065,-0.1652,-5.2516,-17.6786,1,1,TRANSIT,1,exit,1.9657,0.3686,-5.2500,4.2063,24.9690,0.0016,1.0000,0.0000,0.0007,0.1961
2.367,-2.1600,-0.1744,-5.2537,-17.8830,1,1,TRANSIT,1,exit,1.9657,0.3686,-5.2500,4.1613,25.3806,0.0037,1.0000,0.0000,0.0017,0.1993
2.400,-2.1124,-0.1842,-5.2557,-18.0506,1,1,TRANSIT,1,exit,1.9657,0.3686,-5.2500,4.1154,25.7699,0.0057,1.0000,0.0000,0.0026,0.2024
2.433,-2.0638,-0.1946,-5.2577,-18.1820,1,1,TRANSIT,1,exit,1.9657,0.3686,-5.2500,4.0687,26.1376,0.0077,1.0000,0.0000,0.0034,0.2053
2.467,-2.0143,-0.2054,-5.2595,-18.2776,1,1,TRANSIT,1,exit,1.9657,0.3686,-5.2500,4.0212,26.4845,0.0095,1.0000,0.0000,0.0043,0.2080
2.500,-1.9638,-0.2168,-5.2613,-18.3378,1,1,TRANSIT,1,exit,1.9657,0.3686,-5.2500,3.9729,26.8114,0.0113,1.0000,0.0000,0.0051,0.2106
2.533,-1.9125,-0.2287,-5.2629,-18.3632,1,1,TRANSIT,1,exit,1.9657,0.3686,-5.2500,3.9240,27.1190,0.0129,1.0000,0.0000,0.0058,0.2130
2.567,-1.8604,-0.2411,-5.2645,-18.3541,1,1,TRANSIT,1,exit,1.9657,0.3686,-5.2500,3.8744,27.4082,0.0145,1.0000,0.0000,0.0065,0.2153
2.600,-1.8075,-0.2540,-5.2660,-18.3111,1,1,TRANSIT,1,exit,1.9657,0.3686,-5.2500,3.8243,27.6798,0.0160,1.0000,0.0000,0.0072,0.2174
2.633,-1.7539,-0.2672,-5.2674,-18.2348,1,1,TRANSIT,1,exit,1.9657,0.3686,-5.2500,3.7736,27.9347,0.0174,1.0000,0.0000,0.0078,0.2194
2.667,-1.6995,-0.2809,-5.2687,-18.1256,1,1,TRANSIT,1,exit,1.9657,0.3686,-5.2500,3.7224,28.1738,0.0187,1.0000,0.0000,0.0084,0.2213
2.700,-1.6446,-0.2950,-5.2700,-17.9840,1,1,TRANSIT,1,exit,1.9657,0.3686,-5.2500,3.6708,28.3980,0.0200,1.0000,0.0000,0.0090,0.2230
2.733,-1.5890,-0.3094,-5.2711,-17.8106,1,1,TRANSIT,1,exit,1.9657,0.3686,-5.2500,3.6188,28.6083,0.0211,1.0000,0.0000,0.0095,0.2247
2.767,-1.5328,-0.3241,-5.2722,-17.6060,1,1,TRANSIT,1,exit,1.9657,0.3686,-5.2500,3.5665,28.8055,0.0222,1.0000,0.0000,0.0100,0.2262
2.800,-1.4760,-0.3392,-5.2733,-17.3706,1,1,TRANSIT,1,exit,1.9657,0.3686,-5.2500,3.5138,28.9907,0.0233,1.0000,0.0000,0.0105,0.2277
2.833,-1.4187,-0.3545,-5.2742,-17.1050,1,1,TRANSIT,1,exit,1.9657,0.3686,-5.2500,3.4609,29.1649,0.0242,1.0000,0.0000,0.0109,0.2291
2.867,-1.3608,-0.3701,-5.2751,-16.8097,1,1,TRANSIT,1,exit,1.9657,0.3686,-5.2500,3.4077,29.3291,0.0251,1.0000,0.0000,0.0113,0.2304
2.900,-1.3025,-0.3859,-5.2759,-16.4853,1,1,TRANSIT,1,exit,1.9657,0.3686,-5.2500,3.3543,29.4844,0.0259,1.0000,0.0000,0.0116,0.2316
2.933,-1.2437,-0.4019,-5.2766,-16.1323,1,1,TRANSIT,1,exit,1.9657,0.3686,-5.2500,3.3007,29.6318,0.0266,1.0000,0.0000,0.0120,0.2327
2.967,-1.1844,-0.4181,-5.2772,-15.7512,1,1,TRANSIT,1,exit,1.9657,0.3686,-5.2500,3.2470,29.7725,0.0272,0.9864,0.0000,0.0123,0.2338
3.000,-1.1247,-0.4344,-5.2778,-15.3340,1,1,TRANSIT,1,exit,1.9657,0.3686,-5.2500,3.1932,29.8987,0.0278,0.9689,0.0000,0.0125,0.2348
3.033,-1.0646,-0.4508,-5.2784,-14.8702,1,1,TRANSIT,1,exit,1.9657,0.3686,-5.2500,3.1393,30.0005,0.0284,0.9516,0.0000,0.0128,0.2356
3.067,-1.0042,-0.4673,-5.2789,-14.3500,1,1,TRANSIT,1,exit,1.9657,0.3686,-5.2500,3.0855,30.0683,0.0289,0.9346,0.0000,0.0130,0.2362
3.100,-0.9436,-0.4838,-5.2793,-13.7680,1,1,TRANSIT,1,exit,1.9657,0.3686,-5.2500,3.0317,30.0970,0.0293,0.9180,0.0000,0.0132,0.2364
3.133,-0.8826,-0.5002,-5.2796,-13.1255,1,1,TRANSIT,1,exit,1.9657,0.3686,-5.2500,2.9781,30.0880,0.0296,0.9019,0.0000,0.0133,0.2363
3.167,-0.8216,-0.5166,-5.2799,-12.4242,1,1,TRANSIT,1,exit,1.9657,0.3686,-5.2500,2.9246,30.0432,0.0299,0.8861,0.0000,0.0135,0.2360
3.200,-0.7603,-0.5329,-5.2802,-11.6656,1,1,TRANSIT,1,exit,1.9657,0.3686,-5.2500,2.8714,29.9642,0.0302,0.8707,0.0000,0.0136,0.2353
3.233,-0.6990,-0.5491,-5.2804,-10.8514,1,1,TRANSIT,1,exit,1.9657,0.3686,-5.2500,2.8185,29.8527,0.0304,0.8556,0.0000,0.0137,0.2345
3.267,-0.6377,-0.5650,-5.2805,-9.9832,1,1,TRANSIT,1,exit,1.9657,0.3686,-5.2500,2.7660,29.7105,0.0305,0.8408,0.0000,0.0137,0.2333
3.300,-0.5764,-0.5807,-5.2806,-9.0628,1,1,TRANSIT,1,exit,1.9657,0.3686,-5.2500,2.7138,29.5394,0.0306,0.8264,0.0000,0.0138,0.2320
3.333,-0.5151,-0.5961,-5.2807,-8.0918,1,1,TRANSIT,1,exit,1.9657,0.3686,-5.2500,2.6620,29.3412,0.0307,0.8122,0.0000,0.0138,0.2304
3.367,-0.4539,-0.6113,-5.2807,-7.0720,1,1,TRANSIT,1,exit,1.9657,0.3686,-5.2500,2.6107,29.1178,0.0307,0.7983,0.0000,0.0138,0.2287
3.400,-0.3928,-0.6261,-5.2807,-6.0052,1,1,TRANSIT,1,exit,1.9657,0.3686,-5.2500,2.5599,28.8709,0.0307,0.7846,0.0000,0.0138,0.2268
3.433,-0.3587,-0.6300,-5.2803,-6.0219,1,1,TRANSIT,1,exit,1.9657,0.3686,-5.2500,2.5300,29.2706,0.0303,0.7724,0.0000,0.0136,0.2299
3.467,-0.3573,-0.6323,-5.2798,-15.7856,1,1,TRANSIT,1,exit,1.9657,0.3686,-5.2500,2.5297,39.0943,0.0298,0.6872,0.0000,0.0134,0.2799
3.500,-0.3541,-0.6351,-5.2793,-25.2229,1,1,TRANSIT,1,exit,1.9657,0.3686,-5.2500,2.5278,48.6185,0.0293,0.5849,0.0000,0.0132,0.3299
3.533,-0.3495,-0.6385,-5.2788,-34.3280,1,1,TRANSIT,1,exit,1.9657,0.3686,-5.2500,2.5250,57.8367,0.0288,0.4704,0.0000,0.0129,0.3500
3.567,-0.3453,-0.6357,-5.2782,-41.4906,1,1,TRANSIT,1,exit,1.9657,0.3686,-5.2500,2.5200,64.9788,0.0282,0.3730,0.0000,0.0127,0.3500
3.600,-0.3478,-0.6269,-5.2778,-47.6203,1,1,TRANSIT,1,exit,1.9657,0.3686,-5.2500,2.5188,70.9017,0.0278,0.2884,0.0000,0.0125,0.3500
3.633,-0.3496,-0.6190,-5.2773,-53.4703,1,1,TRANSIT,1,exit,1.9657,0.3686,-5.2500,2.5173,76.5698,0.0273,0.2046,0.0000,0.0123,0.3500
3.667,-0.3508,-0.6102,-5.2767,-58.5932,1,1,TRANSIT,1,exit,1.9657,0.3686,-5.2500,2.5149,81.4980,0.0267,0.2000,0.0000,0.0120,0.3500
3.700,-0.3524,-0.6003,-5.2759,-63.1106,1,1,TRANSIT,1,exit,1.9657,0.3686,-5.2500,2.5126,85.7933,0.0259,0.2000,0.0000,0.0117,0.3500
3.733,-0.3538,-0.5907,-5.2752,-67.2441,1,1,TRANSIT,1,exit,1.9657,0.3686,-5.2500,2.5102,89.7130,0.0252,0.2000,0.0000,0.0113,0.3500
3.767,-0.3548,-0.5815,-5.2744,-71.0187,1,1,TRANSIT,1,exit,1.9657,0.3686,-5.2500,2.5076,93.2844,0.0244,0.0000,0.0000,0.0110,0.3500
3.800,-0.3558,-0.5725,-5.2737,-74.5565,1,1,TRANSIT,1,exit,1.9657,0.3686,-5.2500,2.5052,96.6212,0.0237,0.0000,0.0000,0.0107,0.3500
3.833,-0.3568,-0.5636,-5.2729,-77.8802,1,1,TRANSIT,1,exit,1.9657,0.3686,-5.2500,2.5028,99.7495,0.0229,0.0000,0.0000,0.0103,0.3500
3.867,-0.3578,-0.5550,-5.2721,-80.9700,1,1,TRANSIT,1,exit,1.9657,0.3686,-5.2500,2.5005,102.6462,0.0221,0.0000,0.0000,0.0099,0.3500
3.900,-0.3588,-0.5466,-5.2713,-83.8708,1,1,TRANSIT,1,exit,1.9657,0.3686,-5.2500,2.4983,105.3601,0.0213,0.0000,0.0000,0.0096,0.3500
3.933,-0.3597,-0.5385,-5.2705,-86.5865,1,1,TRANSIT,1,exit,1.9657,0.3686,-5.2500,2.4962,107.8948,0.0205,0.0000,0.0000,0.0092,0.3500
3.967,-0.3606,-0.5306,-5.2696,-89.1209,1,1,TRANSIT,1,exit,1.9657,0.3686,-5.2500,2.4941,110.2541,0.0196,0.0000,0.0000,0.0088,0.3500
4.000,-0.3614,-0.5231,-5.2688,-91.4784,1,1,TRANSIT,1,exit,1.9657,0.3686,-5.2500,2.4922,112.4421,0.0188,0.0000,0.0000,0.0085,0.3500
4.033,-0.3623,-0.5157,-5.2680,-93.6634,1,1,TRANSIT,1,exit,1.9657,0.3686,-5.2500,2.4904,114.4632,0.0180,0.0000,0.0000,0.0081,0.3500
4.067,-0.3630,-0.5087,-5.2671,-95.6806,1,1,TRANSIT,1,exit,1.9657,0.3686,-5.2500,2.4886,116.3216,0.0171,0.0000,0.0000,0.0077,0.3500
4.100,-0.3638,-0.5018,-5.2663,-97.5345,1,1,TRANSIT,1,exit,1.9657,0.3686,-5.2500,2.4869,118.0221,0.0163,0.0000,0.0000,0.0073,0.3500
4.133,-0.3645,-0.4952,-5.2655,-99.2300,1,1,TRANSIT,1,exit,1.9657,0.3686,-5.2500,2.4852,119.5690,0.0155,0.0000,0.0000,0.0070,0.3500
4.167,-0.3651,-0.4888,-5.2646,-100.7715,1,1,TRANSIT,1,exit,1.9657,0.3686,-5.2500,2.4836,120.9669,0.0146,0.0000,0.0000,0.0066,0.3500
4.200,-0.3658,-0.4826,-5.2638,-102.1636,1,1,TRANSIT,1,exit,1.9657,0.3686,-5.2500,2.4821,122.2200,0.0138,0.0000,0.0000,0.0062,0.3500
4.233,-0.3663,-0.4766,-5.2631,-103.4106,1,1,TRANSIT,1,exit,1.9657,0.3686,-5.2500,2.4806,123.3324,0.0131,0.0000,0.0000,0.0059,0.3500
4.267,-0.3669,-0.4709,-5.2623,-104.5164,1,1,TRANSIT,1,exit,1.9657,0.3686,-5.2500,2.4791,124.3082,0.0123,0.0000,0.0000,0.0055,0.3500
4.300,-0.3674,-0.4653,-5.2615,-105.4848,1,1,TRANSIT,1,exit,1.9657,0.3686,-5.2500,2.4777,125.1508,0.0115,0.0000,0.0000,0.0052,0.3500
4.333,-0.3679,-0.4598,-5.2608,-106.3196,1,1,TRANSIT,1,exit,1.9657,0.3686,-5.2500,2.4763,125.8640,0.0108,0.0000,0.0000,0.0049,0.3500
4.367,-0.3683,-0.4546,-5.2601,-107.0241,1,1,TRANSIT,1,exit,1.9657,0.3686,-5.2500,2.4750,126.4508,0.0101,0.0000,0.0000,0.0045,0.3500
4.400,-0.3688,-0.4495,-5.2594,-107.6015,1,1,TRANSIT,1,exit,1.9657,0.3686,-5.2500,2.4737,126.9144,0.0094,0.0000,0.0000,0.0042,0.3500
4.433,-0.3691,-0.4447,-5.2587,-108.0547,1,1,TRANSIT,1,exit,1.9657,0.3686,-5.2500,2.4725,127.2577,0.0087,0.0000,0.0000,0.0039,0.3500
4.467,-0.3695,-0.4399,-5.2581,-108.3868,1,1,TRANSIT,1,exit,1.9657,0.3686,-5.2500,2.4712,127.4835,0.0081,0.0000,0.0000,0.0036,0.3500
4.500,-0.3698,-0.4353,-5.2574,-108.6004,1,1,TRANSIT,1,exit,1.9657,0.3686,-5.2500,2.4700,127.5944,0.0074,0.0000,0.0000,0.0033,0.3500
4.533,-0.3701,-0.4309,-5.2568,-108.6982,1,1,TRANSIT,1,exit,1.9657,0.3686,-5.2500,2.4689,127.5929,0.0068,0.0000,0.0000,0.0031,0.3500
4.567,-0.3704,-0.4266,-5.2562,-108.6829,1,1,TRANSIT,1,exit,1.9657,0.3686,-5.2500,2.4677,127.4817,0.0062,0.0000,0.0000,0.0028,0.3500
4.600,-0.3706,-0.4225,-5.2556,-108.5568,1,1,TRANSIT,1,exit,1.9657,0.3686,-5.2500,2.4666,127.2629,0.0056,0.0000,0.0000,0.0025,0.3500
4.633,-0.3708,-0.4185,-5.2551,-108.3224,1,1,TRANSIT,1,exit,1.9657,0.3686,-5.2500,2.4656,126.9391,0.0051,0.0000,0.0000,0.0023,0.3500
4.667,-0.3710,-0.4147,-5.2545,-107.9823,1,1,TRANSIT,1,exit,1.9657,0.3686,-5.2500,2.4645,126.5126,0.0045,0.0000,0.0000,0.0020,0.3500
4.700,-0.3712,-0.4109,-5.2540,-107.5388,1,1,TRANSIT,1,exit,1.9657,0.3686,-5.2500,2.4635,125.9858,0.0040,0.0000,0.0000,0.0018,0.3500
4.733,-0.3713,-0.4073,-5.2535,-106.9945,1,1,TRANSIT,1,exit,1.9657,0.3686,-5.2500,2.4625,125.3610,0.0035,0.0000,0.0000,0.0016,0.3500
4.767,-0.3714,-0.4039,-5.2530,-106.3517,1,1,TRANSIT,1,exit,1.9657,0.3686,-5.2500,2.4615,124.6406,0.0030,0.0000,0.0000,0.0013,0.3500
4.800,-0.3715,-0.4005,-5.2525,-105.6131,1,1,TRANSIT,1,exit,1.9657,0.3686,-5.2500,2.4606,123.8271,0.0025,0.0000,0.0000,0.0011,0.3500
4.833,-0.3716,-0.3973,-5.2520,-104.7810,1,1,TRANSIT,1,exit,1.9657,0.3686,-5.2500,2.4596,122.9229,0.0020,0.0000,0.0000,0.0009,0.3500
4.867,-0.3717,-0.3942,-5.2515,-103.8582,1,1,TRANSIT,1,exit,1.9657,0.3686,-5.2500,2.4588,121.9305,0.0015,0.0000,0.0000,0.0007,0.3500
4.900,-0.3718,-0.3912,-5.2510,-102.8470,1,1,TRANSIT,1,exit,1.9657,0.3686,-5.2500,2.4579,120.8523,0.0010,0.0000,0.0000,0.0005,0.3500
4.933,-0.3718,-0.3883,-5.2506,-101.7502,1,1,TRANSIT,1,exit,1.9657,0.3686,-5.2500,2.4570,119.6909,0.0006,0.0000,0.0000,0.0002,0.3500
4.967,-0.3719,-0.3855,-5.2501,-100.5701,1,1,TRANSIT,1,exit,1.9657,0.3686,-5.2500,2.4562,118.4485,0.0001,0.0000,0.0000,0.0000,0.3500
5.000,-0.3719,-0.3828,-5.2497,-99.3091,1,1,TRANSIT,1,exit,1.9657,0.3686,-5.2500,2.4554,117.1276,-0.0003,0.0000,0.0000,-0.0002,0.3500
5.033,-0.3719,-0.3802,-5.2492,-97.9697,1,1,TRANSIT,1,exit,1.9657,0.3686,-5.2500,2.4546,115.7304,-0.0008,0.0000,0.0000,-0.0004,0.3500
5.067,-0.3719,-0.3777,-5.2488,-96.5539,1,1,TRANSIT,1,exit,1.9657,0.3686,-5.2500,2.4539,114.2590,-0.0012,0.0000,0.0000,-0.0005,0.3500
5.100,-0.3719,-0.3753,-5.2484,-95.0637,1,1,TRANSIT,1,exit,1.9657,0.3686,-5.2500,2.4532,112.7151,-0.0016,0.0000,0.0000,-0.0007,0.3500
5.133,-0.3719,-0.3730,-5.2480,-93.5010,1,1,TRANSIT,1,exit,1.9657,0.3686,-5.2500,2.4524,111.1008,-0.0020,0.0000,0.0000,-0.0009,0.3500
5.167,-0.3719,-0.3707,-5.2476,-91.8675,1,1,TRANSIT,1,exit,1.9657,0.3686,-5.2500,2.4517,109.4174,-0.0024,0.0000,0.0000,-0.0011,0.3500
5.200,-0.3718,-0.3685,-5.2472,-90.1648,1,1,TRANSIT,1,exit,1.9657,0.3686,-5.2500,2.4510,107.6664,-0.0028,0.0000,0.0000,-0.0013,0.3500
5.233,-0.3718,-0.3664,-5.2468,-88.3941,1,1,TRANSIT,1,exit,1.9657,0.3686,-5.2500,2.4504,105.8492,-0.0032,0.0000,0.0000,-0.0014,0.3500
5.267,-0.3717,-0.3644,-5.2464,-86.5568,1,1,TRANSIT,1,exit,1.9657,0.3686,-5.2500,2.4497,103.9671,-0.0036,0.0000,0.0000,-0.0016,0.3500
5.300,-0.3716,-0.3624,-5.2461,-84.6544,1,1,TRANSIT,1,exit,1.9657,0.3686,-5.2500,2.4490,102.0211,-0.0039,0.0000,0.0000,-0.0018,0.3500
5.333,-0.3715,-0.3605,-5.2458,-82.6879,1,1,TRANSIT,1,exit,1.9657,0.3686,-5.2500,2.4484,100.0124,-0.0042,0.0000,0.0000,-0.0019,0.3500
5.367,-0.3715,-0.3586,-5.2455,-80.6588,1,1,TRANSIT,1,exit,1.9657,0.3686,-5.2500,2.4477,97.9424,-0.0045,0.0000,0.0000,-0.0020,0.3500
5.400,-0.3713,-0.3568,-5.2452,-78.5684,1,1,TRANSIT,1,exit,1.9657,0.3686,-5.2500,2.4471,95.8124,-0.0048,0.0000,0.0000,-0.0022,0.3500
5.433,-0.3712,-0.3551,-5.2449,-76.4182,1,1,TRANSIT,1,exit,1.9657,0.3686,-5.2500,2.4465,93.6236,-0.0051,0.0000,0.0000,-0.0023,0.3500
5.467,-0.3711,-0.3534,-5.2446,-74.2099,1,1,TRANSIT,1,exit,1.9657,0.3686,-5.2500,2.4458,91.3777,-0.0054,0.0000,0.0000,-0.0024,0.3500
5.500,-0.3710,-0.3517,-5.2444,-71.9450,1,1,TRANSIT,1,exit,1.9657,0.3686,-5.2500,2.4452,89.0761,-0.0056,0.2000,0.0000,-0.0025,0.3500
5.533,-0.3706,-0.3506,-5.2442,-69.6253,1,1,TRANSIT,1,exit,1.9657,0.3686,-5.2500,2.4446,86.7355,-0.0058,0.2000,0.0000,-0.0026,0.3500
5.567,-0.3701,-0.3502,-5.2439,-67.2525,1,1,TRANSIT,1,exit,1.9657,0.3686,-5.2500,2.4439,84.3569,-0.0061,0.2000,0.0000,-0.0027,0.3500
5.600,-0.3693,-0.3504,-5.2437,-64.8283,1,1,TRANSIT,1,exit,1.9657,0.3686,-5.2500,2.4432,81.9415,-0.0063,0.2000,0.0000,-0.0028,0.3500
5.633,-0.3683,-0.3511,-5.2435,-62.3544,1,1,TRANSIT,1,exit,1.9657,0.3686,-5.2500,2.4424,79.4903,-0.0065,0.2000,0.0000,-0.0029,0.3500
5.667,-0.3669,-0.3523,-5.2433,-59.8322,1,1,TRANSIT,1,exit,1.9657,0.3686,-5.2500,2.4415,77.0043,-0.0067,0.2000,0.0000,-0.0030,0.3500
5.700,-0.3654,-0.3540,-5.2431,-57.2633,1,1,TRANSIT,1,exit,1.9657,0.3686,-5.2500,2.4405,74.4843,-0.0069,0.2285,0.0000,-0.0031,0.3500
5.733,-0.3634,-0.3562,-5.2429,-54.6487,1,1,TRANSIT,1,exit,1.9657,0.3686,-5.2500,2.4393,71.9329,-0.0071,0.2648,0.0000,-0.0032,0.3500
5.767,-0.3611,-0.3590,-5.2427,-51.9897,1,1,TRANSIT,1,exit,1.9657,0.3686,-5.2500,2.4379,69.3532,-0.0073,0.3009,0.0000,-0.0033,0.3500
5.800,-0.3582,-0.3624,-5.2425,-49.2872,1,1,TRANSIT,1,exit,1.9657,0.3686,-5.2500,2.4362,66.7478,-0.0075,0.3366,0.0000,-0.0034,0.3500
5.833,-0.3547,-0.3665,-5.2423,-46.5419,1,1,TRANSIT,1,exit,1.9657,0.3686,-5.2500,2.4341,64.1190,-0.0077,0.3719,0.0000,-0.0035,0.3500
5.867,-0.3506,-0.3713,-5.2421,-43.7546,1,1,TRANSIT,1,exit,1.9657,0.3686,-5.2500,2.4316,61.4688,-0.0079,0.4065,0.0000,-0.0035,0.3500
5.900,-0.3456,-0.3768,-5.2420,-40.9260,1,1,TRANSIT,1,exit,1.9657,0.3686,-5.2500,2.4286,58.7990,-0.0080,0.4403,0.0000,-0.0036,0.3500
5.933,-0.3398,-0.3830,-5.2418,-38.0568,1,1,TRANSIT,1,exit,1.9657,0.3686,-5.2500,2.4249,56.1112,-0.0082,0.4732,0.0000,-0.0037,0.3500
5.967,-0.3330,-0.3898,-5.2417,-35.1478,1,1,TRANSIT,1,exit,1.9657,0.3686,-5.2500,2.4206,53.4068,-0.0083,0.5050,0.0000,-0.0037,0.3500
6.000,-0.3251,-0.3974,-5.2416,-32.1998,1,1,TRANSIT,1,exit,1.9657,0.3686,-5.2500,2.4155,50.6869,-0.0084,0.5356,0.0000,-0.0038,0.3500
6.033,-0.3161,-0.4055,-5.2415,-29.2137,1,1,TRANSIT,1,exit,1.9657,0.3686,-5.2500,2.4096,47.9526,-0.0085,0.5648,0.0000,-0.0038,0.3500
6.067,-0.3058,-0.4142,-5.2414,-26.1906,1,1,TRANSIT,1,exit,1.9657,0.3686,-5.2500,2.4027,45.2047,-0.0086,0.5925,0.0000,-0.0039,0.3500
6.100,-0.2942,-0.4234,-5.2414,-23.1314,1,1,TRANSIT,1,exit,1.9657,0.3686,-5.2500,2.3947,42.4441,-0.0086,0.6185,0.0000,-0.0039,0.3334
6.133,-0.2813,-0.4330,-5.2414,-20.0428,1,1,TRANSIT,1,exit,1.9657,0.3686,-5.2500,2.3857,39.6766,-0.0086,0.6427,0.0000,-0.0038,0.3116
6.167,-0.2669,-0.4430,-5.2415,-16.9325,1,1,TRANSIT,1,exit,1.9657,0.3686,-5.2500,2.3756,36.9093,-0.0085,0.6648,0.0000,-0.0038,0.2899
6.200,-0.2510,-0.4532,-5.2416,-13.8083,1,1,TRANSIT,1,exit,1.9657,0.3686,-5.2500,2.3642,34.1488,-0.0084,0.6848,0.0000,-0.0038,0.2682
6.233,-0.2448,-0.4573,-5.2431,-14.3643,1,1,TRANSIT,1,exit,1.9657,0.3686,-5.2500,2.3598,34.8509,-0.0069,0.6778,0.0000,-0.0031,0.2737
6.267,-0.2422,-0.4537,-5.2444,-16.7374,1,1,TRANSIT,1,exit,1.9657,0.3686,-5.2500,2.3561,37.1627,-0.0056,0.6572,0.0000,-0.0025,0.2919
6.300,-0.2378,-0.4507,-5.2456,-18.9572,1,1,TRANSIT,1,exit,1.9657,0.3686,-5.2500,2.3509,39.3534,-0.0044,0.6362,0.0000,-0.0020,0.3091
6.333,-0.2316,-0.4486,-5.2467,-21.0240,1,1,TRANSIT,1,exit,1.9657,0.3686,-5.2500,2.3444,41.4228,-0.0033,0.6153,0.0000,-0.0015,0.3253
6.367,-0.2239,-0.4472,-5.2476,-22.9375,1,1,TRANSIT,1,exit,1.9657,0.3686,-5.2500,2.3366,43.3700,-0.0024,0.5945,0.0000,-0.0011,0.3406
6.400,-0.2147,-0.4465,-5.2484,-24.6968,1,1,TRANSIT,1,exit,1.9657,0.3686,-5.2500,2.3278,45.1931,-0.0016,0.5742,0.0000,-0.0007,0.3500
6.433,-0.2042,-0.4466,-5.2488,-26.3021,1,1,TRANSIT,1,exit,1.9657,0.3686,-5.2500,2.3180,46.8916,-0.0012,0.5544,0.0000,-0.0005,0.3500
6.467,-0.1935,-0.4466,-5.2494,-28.1029,1,1,TRANSIT,1,exit,1.9657,0.3686,-5.2500,2.3080,48.7856,-0.0006,0.5323,0.0000,-0.0003,0.3500
6.500,-0.1829,-0.4453,-5.2498,-30.0731,1,1,TRANSIT,1,exit,1.9657,0.3686,-5.2500,2.2976,50.8180,-0.0002,0.5081,0.0000,-0.0001,0.3500
6.533,-0.1719,-0.4443,-5.2498,-32.1168,1,1,TRANSIT,1,exit,1.9657,0.3686,-5.2500,2.2870,52.9362,-0.0002,0.4824,0.0000,-0.0001,0.3500
6.567,-0.1606,-0.4437,-5.2495,-34.2123,1,1,TRANSIT,1,exit,1.9657,0.3686,-5.2500,2.2762,55.1191,-0.0005,0.4556,0.0000,-0.0002,0.3500
6.600,-0.1490,-0.4435,-5.2489,-36.3395,1,1,TRANSIT,1,exit,1.9657,0.3686,-5.2500,2.2653,57.3471,-0.0011,0.4278,0.0000,-0.0005,0.3500
6.633,-0.1372,-0.4438,-5.2481,-38.4760,1,1,TRANSIT,1,exit,1.9657,0.3686,-5.2500,2.2544,59.5984,-0.0019,0.3993,0.0000,-0.0009,0.3500
6.667,-0.1252,-0.4446,-5.2471,-40.6032,1,1,TRANSIT,1,exit,1.9657,0.3686,-5.2500,2.2435,61.8541,-0.0029,0.3704,0.0000,-0.0013,0.3500
6.700,-0.1131,-0.4454,-5.2457,-42.6821,1,1,TRANSIT,1,exit,1.9657,0.3686,-5.2500,2.2325,64.0650,-0.0043,0.3417,0.0000,-0.0019,0.3500
6.733,-0.1008,-0.4454,-5.2441,-44.6001,1,1,TRANSIT,1,exit,1.9657,0.3686,-5.2500,2.2211,66.0992,-0.0059,0.3150,0.0000,-0.0026,0.3500
6.767,-0.0885,-0.4459,-5.2424,-46.4771,1,1,TRANSIT,1,exit,1.9657,0.3686,-5.2500,2.2098,68.1042,-0.0076,0.2884,0.0000,-0.0034,0.3500
6.800,-0.0764,-0.4465,-5.2405,-48.3691,1,1,TRANSIT,1,exit,1.9657,0.3686,-5.2500,2.1988,70.1273,-0.0095,0.2616,0.0000,-0.0043,0.3500
6.833,-0.0644,-0.4473,-5.2386,-50.1847,1,1,TRANSIT,1,exit,1.9657,0.3686,-5.2500,2.1879,72.0793,-0.0114,0.2356,0.0000,-0.0052,0.3500
6.867,-0.0525,-0.4485,-5.2366,-51.9507,1,1,TRANSIT,1,exit,1.9657,0.3686,-5.2500,2.1774,73.9902,-0.0134,0.2102,0.0000,-0.0060,0.3500
6.900,-0.0408,-0.4500,-5.2346,-53.6588,1,1,TRANSIT,1,exit,1.9657,0.3686,-5.2500,2.1671,75.8506,-0.0154,0.2000,0.0000,-0.0069,0.3500
6.933,-0.0294,-0.4517,-5.2327,-55.3140,1,1,TRANSIT,1,exit,1.9657,0.3686,-5.2500,2.1573,77.6644,-0.0173,0.2000,0.0000,-0.0078,0.3500
6.967,-0.0182,-0.4538,-5.2308,-56.9261,1,1,TRANSIT,1,exit,1.9657,0.3686,-5.2500,2.1477,79.4404,-0.0192,0.2000,0.0000,-0.0086,0.3500
7.000,-0.0083,-0.4546,-5.2294,-58.9849,1,1,TRANSIT,1,exit,1.9657,0.3686,-5.2500,2.1389,81.6219,-0.0206,0.2000,0.0000,-0.0093,0.3500
7.033,0.0019,-0.4558,-5.2281,-60.8154,1,1,TRANSIT,1,exit,1.9657,0.3686,-5.2500,2.1300,83.5858,-0.0219,0.2000,0.0000,-0.0099,0.3500
7.067,0.0117,-0.4572,-5.2270,-62.5903,1,1,TRANSIT,1,exit,1.9657,0.3686,-5.2500,2.1214,85.4994,-0.0230,0.2000,0.0000,-0.0104,0.3500
7.100,0.0214,-0.4589,-5.2260,-64.2951,1,1,TRANSIT,1,exit,1.9657,0.3686,-5.2500,2.1132,87.3498,-0.0240,0.2000,0.0000,-0.0108,0.3500
7.133,0.0309,-0.4610,-5.2252,-65.9323,1,1,TRANSIT,1,exit,1.9657,0.3686,-5.2500,2.1054,89.1393,-0.0248,0.2000,0.0000,-0.0112,0.3500
7.167,0.0401,-0.4634,-5.2245,-67.5054,1,1,TRANSIT,1,exit,1.9657,0.3686,-5.2500,2.0979,90.8712,-0.0255,0.0000,0.0000,-0.0115,0.3500
7.200,0.0490,-0.4657,-5.2238,-68.9128,1,1,TRANSIT,1,exit,1.9657,0.3686,-5.2500,2.0906,92.4348,-0.0262,0.0000,0.0000,-0.0118,0.3500
7.233,0.0576,-0.4680,-5.2232,-70.1677,1,1,TRANSIT,1,exit,1.9657,0.3686,-5.2500,2.0836,93.8418,-0.0268,0.0000,0.0000,-0.0120,0.3500
7.267,0.0660,-0.4702,-5.2227,-71.2761,1,1,TRANSIT,1,exit,1.9657,0.3686,-5.2500,2.0769,95.0982,-0.0273,0.0000,0.0000,-0.0123,0.3500
7.300,0.0741,-0.4723,-5.2222,-72.2436,1,1,TRANSIT,1,exit,1.9657,0.3686,-5.2500,2.0704,96.2100,-0.0278,0.0000,0.0000,-0.0125,0.3500
7.333,0.0819,-0.4744,-5.2217,-73.0760,1,1,TRANSIT,1,exit,1.9657,0.3686,-5.2500,2.0641,97.1828,-0.0283,0.0000,0.0000,-0.0127,0.3500
7.367,0.0894,-0.4764,-5.2213,-73.7790,1,1,TRANSIT,2,exit,1.9657,0.3686,-5.2500,2.0580,98.0224,-0.0287,0.0000,0.0000,-0.0129,0.3500
7.400,0.0968,-0.4783,-5.2209,-74.3574,1,1,TRANSIT,2,exit,1.9657,0.3686,-5.2500,2.0521,98.7339,-0.0291,0.0000,0.0000,-0.0131,0.3500
7.433,0.1039,-0.4802,-5.2206,-74.8158,1,1,TRANSIT,2,exit,1.9657,0.3686,-5.2500,2.0464,99.3216,-0.0294,0.0000,0.0000,-0.0132,0.3500
7.467,0.1107,-0.4820,-5.2203,-75.1580,1,1,TRANSIT,2,exit,1.9657,0.3686,-5.2500,2.0409,99.7894,-0.0297,0.0000,0.0000,-0.0134,0.3500
7.500,0.1173,-0.4837,-5.2201,-75.3868,1,1,TRANSIT,2,exit,1.9657,0.3686,-5.2500,2.0356,100.1404,-0.0299,0.0000,0.0000,-0.0135,0.3500
7.533,0.1238,-0.4854,-5.2199,-75.5048,1,1,TRANSIT,2,exit,1.9657,0.3686,-5.2500,2.0305,100.3769,-0.0301,0.0000,0.0000,-0.0136,0.3500
7.567,0.1294,-0.4863,-5.2198,-75.8204,1,1,TRANSIT,2,exit,1.9657,0.3686,-5.2500,2.0258,100.7837,-0.0302,0.0000,0.0000,-0.0136,0.3500
7.600,0.1348,-0.4867,-5.2197,-76.0890,1,1,TRANSIT,2,exit,1.9657,0.3686,-5.2500,2.0210,101.1273,-0.0303,0.0000,0.0000,-0.0136,0.3500
7.633,0.1400,-0.4870,-5.2197,-76.2885,1,1,TRANSIT,2,exit,1.9657,0.3686,-5.2500,2.0165,101.3958,-0.0303,0.0000,0.0000,-0.0137,0.3500
7.667,0.1448,-0.4871,-5.2197,-76.4210,1,1,TRANSIT,2,exit,1.9657,0.3686,-5.2500,2.0122,101.5913,-0.0303,0.0000,0.0000,-0.0137,0.3500
7.700,0.1495,-0.4872,-5.2197,-76.4864,1,1,TRANSIT,2,exit,1.9657,0.3686,-5.2500,2.0080,101.7139,-0.0303,0.0000,0.0000,-0.0136,0.3500
7.733,0.1539,-0.4871,-5.2198,-76.4855,1,1,TRANSIT,2,exit,1.9657,0.3686,-5.2500,2.0040,101.7645,-0.0302,0.0000,0.0000,-0.0136,0.3500
7.767,0.1580,-0.4869,-5.2200,-76.4190,1,1,TRANSIT,2,exit,1.9657,0.3686,-5.2500,2.0001,101.7442,-0.0300,0.0000,0.0000,-0.0135,0.3500
7.800,0.1620,-0.4866,-5.2202,-76.2886,1,1,TRANSIT,2,exit,1.9657,0.3686,-5.2500,1.9964,101.6545,-0.0298,0.0000,0.0000,-0.0134,0.3500
7.833,0.1657,-0.4862,-5.2204,-76.0959,1,1,TRANSIT,2,exit,1.9657,0.3686,-5.2500,1.9929,101.4974,-0.0296,0.0000,0.0000,-0.0133,0.3500
7.867,0.1693,-0.4857,-5.2207,-75.8435,1,1,TRANSIT,2,exit,1.9657,0.3686,-5.2500,1.9895,101.2756,-0.0293,0.0000,0.0000,-0.0132,0.3500
7.900,0.1726,-0.4851,-5.2210,-75.5339,1,1,TRANSIT,2,exit,1.9657,0.3686,-5.2500,1.9862,100.9916,-0.0290,0.0000,0.0000,-0.0131,0.3500
7.933,0.1757,-0.4844,-5.2213,-75.1699,1,1,TRANSIT,2,exit,1.9657,0.3686,-5.2500,1.9830,100.6485,-0.0287,0.0000,0.0000,-0.0129,0.3500
7.967,0.1787,-0.4836,-5.2217,-74.7545,1,1,TRANSIT,2,exit,1.9657,0.3686,-5.2500,1.9800,100.2493,-0.0283,0.0000,0.0000,-0.0127,0.3500
8.000,0.1815,-0.4827,-5.2221,-74.2903,1,1,TRANSIT,2,exit,1.9657,0.3686,-5.2500,1.9771,99.7968,-0.0279,0.0000,0.0000,-0.0126,0.3500
8.033,0.1840,-0.4817,-5.2225,-73.9183,1,1,TRANSIT,2,exit,1.9657,0.3686,-5.2500,1.9744,99.4300,-0.0275,0.0000,0.0000,-0.0124,0.3500
8.067,0.1863,-0.4807,-5.2230,-73.5515,1,1,TRANSIT,2,exit,1.9657,0.3686,-5.2500,1.9719,99.0657,-0.0270,0.0000,0.0000,-0.0122,0.3500
8.100,0.1884,-0.4797,-5.2235,-73.1298,1,1,TRANSIT,2,exit,1.9657,0.3686,-5.2500,1.9695,98.6430,-0.0265,0.0000,0.0000,-0.0119,0.3500
8.133,0.1905,-0.4785,-5.2240,-72.6522,1,1,TRANSIT,2,exit,1.9657,0.3686,-5.2500,1.9672,98.1612,-0.0260,0.0000,0.0000,-0.0117,0.3500
8.167,0.1923,-0.4774,-5.2245,-72.1181,1,1,TRANSIT,2,exit,1.9657,0.3686,-5.2500,1.9650,97.6201,-0.0255,0.0000,0.0000,-0.0115,0.3500
8.200,0.1941,-0.4761,-5.2250,-71.5271,1,1,TRANSIT,2,exit,1.9657,0.3686,-5.2500,1.9629,97.0191,-0.0250,0.0000,0.0000,-0.0112,0.3500
8.233,0.1958,-0.4749,-5.2256,-70.8783,1,1,TRANSIT,2,exit,1.9657,0.3686,-5.2500,1.9608,96.3580,-0.0244,0.0000,0.0000,-0.0110,0.3500
8.267,0.1973,-0.4736,-5.2262,-70.1789,1,1,TRANSIT,2,exit,1.9657,0.3686,-5.2500,1.9589,95.6432,-0.0238,0.0000,0.0000,-0.0107,0.3500
8.300,0.1987,-0.4722,-5.2268,-69.5334,1,1,TRANSIT,2,exit,1.9657,0.3686,-5.2500,1.9570,94.9787,-0.0232,0.0000,0.0000,-0.0104,0.3500
8.333,0.2000,-0.4707,-5.2274,-68.8358,1,1,TRANSIT,2,exit,1.9657,0.3686,-5.2500,1.9552,94.2594,-0.0226,0.0000,0.0000,-0.0102,0.3500
8.367,0.2012,-0.4693,-5.2280,-68.0859,1,1,TRANSIT,2,exit,1.9657,0.3686,-5.2500,1.9535,93.4854,-0.0220,0.0000,0.0000,-0.0099,0.3500
8.400,0.2023,-0.4677,-5.2286,-67.2827,1,1,TRANSIT,2,exit,1.9657,0.3686,-5.2500,1.9518,92.6558,-0.0214,0.0000,0.0000,-0.0096,0.3500
8.433,0.2033,-0.4662,-5.2292,-66.4250,1,1,TRANSIT,2,exit,1.9657,0.3686,-5.2500,1.9502,91.7696,-0.0208,0.0000,0.0000,-0.0093,0.3500
8.467,0.2043,-0.4646,-5.2299,-65.5111,1,1,TRANSIT,2,exit,1.9657,0.3686,-5.2500,1.9487,90.8256,-0.0201,0.0000,0.0000,-0.0091,0.3500
8.500,0.2051,-0.4630,-5.2305,-64.5392,1,1,TRANSIT,2,exit,1.9657,0.3686,-5.2500,1.9473,89.8223,-0.0195,0.2000,0.0000,-0.0088,0.3500
8.533,0.2059,-0.4617,-5.2311,-63.6415,1,1,TRANSIT,2,exit,1.9657,0.3686,-5.2500,1.9460,88.8990,-0.0189,0.2000,0.0000,-0.0085,0.3500
8.567,0.2067,-0.4606,-5.2316,-62.8203,1,1,TRANSIT,2,exit,1.9657,0.3686,-5.2500,1.9448,88.0571,-0.0184,0.2000,0.0000,-0.0083,0.3500
8.600,0.2074,-0.4596,-5.2321,-62.0745,1,1,TRANSIT,2,exit,1.9657,0.3686,-5.2500,1.9437,87.2951,-0.0179,0.2000,0.0000,-0.0081,0.3500
8.633,0.2080,-0.4588,-5.2325,-61.4032,1,1,TRANSIT,2,exit,1.9657,0.3686,-5.2500,1.9428,86.6117,-0.0175,0.2000,0.0000,-0.0079,0.3500
8.667,0.2085,-0.4580,-5.2329,-60.8829,1,1,TRANSIT,2,exit,1.9657,0.3686,-5.2500,1.9420,86.0759,-0.0171,0.2000,0.0000,-0.0077,0.3500
8.700,0.2091,-0.4576,-5.2334,-60.4015,1,1,TRANSIT,2,exit,1.9657,0.3686,-5.2500,1.9413,85.5881,-0.0166,0.2000,0.0000,-0.0075,0.3500
8.733,0.2096,-0.4573,-5.2339,-59.9496,1,1,TRANSIT,2,exit,1.9657,0.3686,-5.2500,1.9407,85.1371,-0.0161,0.2000,0.0000,-0.0072,0.3500
8.767,0.2097,-0.4565,-5.2342,-59.8082,1,1,TRANSIT,2,exit,1.9657,0.3686,-5.2500,1.9403,84.9755,-0.0158,0.2000,0.0000,-0.0071,0.3500
8.800,0.2104,-0.4560,-5.2344,-59.4529,1,1,TRANSIT,2,exit,1.9657,0.3686,-5.2500,1.9394,84.6163,-0.0156,0.2000,0.0000,-0.0070,0.3500
8.833,0.2111,-0.4556,-5.2346,-59.1626,1,1,TRANSIT,2,exit,1.9657,0.3686,-5.2500,1.9386,84.3243,-0.0154,0.2000,0.0000,-0.0069,0.3500
8.867,0.2118,-0.4554,-5.2348,-58.9298,1,1,TRANSIT,2,exit,1.9657,0.3686,-5.2500,1.9379,84.0933,-0.0152,0.2000,0.0000,-0.0069,0.3500
8.900,0.2125,-0.4552,-5.2348,-58.7552,1,1,TRANSIT,2,exit,1.9657,0.3686,-5.2500,1.9372,83.9228,-0.0152,0.2000,0.0000,-0.0068,0.3500
8.933,0.2135,-0.4556,-5.2349,-58.4740,1,1,TRANSIT,2,exit,1.9657,0.3686,-5.2500,1.9364,83.6643,-0.0151,0.2000,0.0000,-0.0068,0.3500
8.967,0.2148,-0.4564,-5.2350,-58.1154,1,1,TRANSIT,2,exit,1.9657,0.3686,-5.2500,1.9356,83.3428,-0.0150,0.2000,0.0000,-0.0067,0.3500
9.000,0.2162,-0.4570,-5.2351,-57.7557,1,1,TRANSIT,2,exit,1.9657,0.3686,-5.2500,1.9346,83.0170,-0.0149,0.2000,0.0000,-0.0067,0.3500
9.033,0.2178,-0.4576,-5.2351,-57.3993,1,1,TRANSIT,2,exit,1.9657,0.3686,-5.2500,1.9334,82.6975,-0.0149,0.2000,0.0000,-0.0067,0.3500
9.067,0.2190,-0.4574,-5.2352,-57.3248,1,1,TRANSIT,2,exit,1.9657,0.3686,-5.2500,1.9322,82.6325,-0.0148,0.2000,0.0000,-0.0067,0.3500
9.100,0.2204,-0.4577,-5.2353,-57.1986,1,1,TRANSIT,2,exit,1.9657,0.3686,-5.2500,1.9311,82.5329,-0.0147,0.2000,0.0000,-0.0066,0.3500
9.133,0.2218,-0.4581,-5.2355,-57.0948,1,1,TRANSIT,2,exit,1.9657,0.3686,-5.2500,1.9300,82.4580,-0.0145,0.2000,0.0000,-0.0065,0.3500
9.167,0.2234,-0.4584,-5.2357,-57.0104,1,1,TRANSIT,2,exit,1.9657,0.3686,-5.2500,1.9287,82.4019,-0.0143,0.2000,0.0000,-0.0064,0.3500
9.200,0.2251,-0.4587,-5.2358,-56.9501,1,1,TRANSIT,2,exit,1.9657,0.3686,-5.2500,1.9273,82.3713,-0.0142,0.2000,0.0000,-0.0064,0.3500
9.233,0.2268,-0.4591,-5.2359,-56.9127,1,1,TRANSIT,2,exit,1.9657,0.3686,-5.2500,1.9259,82.3653,-0.0141,0.2000,0.0000,-0.0063,0.3500
9.267,0.2286,-0.4595,-5.2360,-56.8979,1,1,TRANSIT,2,exit,1.9657,0.3686,-5.2500,1.9245,82.3831,-0.0140,0.2000,0.0000,-0.0063,0.3500
9.300,0.2304,-0.4599,-5.2361,-56.9049,1,1,TRANSIT,2,exit,1.9657,0.3686,-5.2500,1.9230,82.4241,-0.0139,0.2000,0.0000,-0.0063,0.3500
9.333,0.2323,-0.4603,-5.2361,-56.9272,1,1,TRANSIT,2,exit,1.9657,0.3686,-5.2500,1.9214,82.4834,-0.0139,0.2000,0.0000,-0.0062,0.3500
9.367,0.2343,-0.4607,-5.2362,-56.9796,1,1,TRANSIT,2,exit,1.9657,0.3686,-5.2500,1.9198,82.5732,-0.0138,0.2000,0.0000,-0.0062,0.3500
9.400,0.2364,-0.4612,-5.2362,-57.0575,1,1,TRANSIT,2,exit,1.9657,0.3686,-5.2500,1.9182,82.6901,-0.0138,0.2000,0.0000,-0.0062,0.3500
9.433,0.2385,-0.4617,-5.2363,-57.1604,1,1,TRANSIT,2,exit,1.9657,0.3686,-5.2500,1.9165,82.8334,-0.0137,0.2000,0.0000,-0.0062,0.3500
9.467,0.2407,-0.4622,-5.2363,-57.2872,1,1,TRANSIT,2,exit,1.9657,0.3686,-5.2500,1.9147,83.0021,-0.0137,0.2000,0.0000,-0.0062,0.3500
9.500,0.2429,-0.4627,-5.2364,-57.4373,1,1,TRANSIT,2,exit,1.9657,0.3686,-5.2500,1.9130,83.1956,-0.0136,0.2000,0.0000,-0.0061,0.3500
9.533,0.2453,-0.4634,-5.2364,-57.5757,1,1,TRANSIT,2,exit,1.9657,0.3686,-5.2500,1.9111,83.3829,-0.0136,0.2000,0.0000,-0.0061,0.3500
9.567,0.2477,-0.4640,-5.2365,-57.7436,1,1,TRANSIT,2,exit,1.9657,0.3686,-5.2500,1.9092,83.5996,-0.0135,0.2000,0.0000,-0.0061,0.3500
9.600,0.2502,-0.4647,-5.2366,-57.9336,1,1,TRANSIT,2,exit,1.9657,0.3686,-5.2500,1.9073,83.8401,-0.0134,0.2000,0.0000,-0.0060,0.3500
9.633,0.2527,-0.4654,-5.2367,-58.1446,1,1,TRANSIT,2,exit,1.9657,0.3686,-5.2500,1.9053,84.1032,-0.0133,0.2000,0.0000,-0.0060,0.3500
9.667,0.2553,-0.4661,-5.2368,-58.3756,1,1,TRANSIT,2,exit,1.9657,0.3686,-5.2500,1.9033,84.3879,-0.0132,0.2000,0.0000,-0.0059,0.3500
9.700,0.2580,-0.4670,-5.2370,-58.5845,1,1,TRANSIT,2,exit,1.9657,0.3686,-5.2500,1.9012,84.6567,-0.0130,0.2000,0.0000,-0.0059,0.3500
9.733,0.2608,-0.4678,-5.2371,-58.8191,1,1,TRANSIT,2,exit,1.9657,0.3686,-5.2500,1.8991,84.9512,-0.0129,0.2000,0.0000,-0.0058,0.3500
9.767,0.2637,-0.4687,-5.2373,-59.0720,1,1,TRANSIT,2,exit,1.9657,0.3686,-5.2500,1.8969,85.2658,-0.0127,0.2000,0.0000,-0.0057,0.3500
9.800,0.2666,-0.4696,-5.2374,-59.3412,1,1,TRANSIT,2,exit,1.9657,0.3686,-5.2500,1.8947,85.5984,-0.0126,0.2000,0.0000,-0.0057,0.3500
9.833,0.2696,-0.4707,-5.2376,-59.5912,1,1,TRANSIT,2,exit,1.9657,0.3686,-5.2500,1.8925,85.9173,-0.0124,0.2000,0.0000,-0.0056,0.3500
9.867,0.2727,-0.4717,-5.2378,-59.8618,1,1,TRANSIT,2,exit,1.9657,0.3686,-5.2500,1.8901,86.2575,-0.0122,0.2000,0.0000,-0.0055,0.3500
9.900,0.2758,-0.4728,-5.2380,-60.1468,1,1,TRANSIT,2,exit,1.9657,0.3686,-5.2500,1.8878,86.6138,-0.0120,0.2000,0.0000,-0.0054,0.3500
9.933,0.2790,-0.4739,-5.2382,-60.4442,1,1,TRANSIT,2,exit,1.9657,0.3686,-5.2500,1.8854,86.9845,-0.0118,0.2000,0.0000,-0.0053,0.3500
9.967,0.2824,-0.4751,-5.2384,-60.7118,1,1,TRANSIT,2,exit,1.9657,0.3686,-5.2500,1.8830,87.3314,-0.0116,0.2000,0.0000,-0.0052,0.3500
10.000,0.2857,-0.4764,-5.2386,-60.9992,1,1,TRANSIT,2,exit,1.9657,0.3686,-5.2500,1.8805,87.6986,-0.0114,0.2000,0.0000,-0.0051,0.3500
10.033,0.2892,-0.4776,-5.2388,-61.2979,1,1,TRANSIT,2,exit,1.9657,0.3686,-5.2500,1.8780,88.0790,-0.0112,0.2000,0.0000,-0.0050,0.3500
10.067,0.2927,-0.4789,-5.2390,-61.6062,1,1,TRANSIT,2,exit,1.9657,0.3686,-5.2500,1.8755,88.4707,-0.0110,0.2000,0.0000,-0.0050,0.3500
10.100,0.2963,-0.4804,-5.2392,-61.8761,1,1,TRANSIT,2,exit,1.9657,0.3686,-5.2500,1.8730,88.8307,-0.0108,0.2000,0.0000,-0.0049,0.3500
10.133,0.2999,-0.4818,-5.2394,-62.1670,1,1,TRANSIT,2,exit,1.9657,0.3686,-5.2500,1.8704,89.2120,-0.0106,0.2000,0.0000,-0.0048,0.3500
10.167,0.3036,-0.4833,-5.2396,-62.4673,1,1,TRANSIT,2,exit,1.9657,0.3686,-5.2500,1.8677,89.6044,-0.0104,0.2000,0.0000,-0.0047,0.3500
10.200,0.3074,-0.4848,-5.2397,-62.7758,1,1,TRANSIT,2,exit,1.9657,0.3686,-5.2500,1.8651,90.0069,-0.0103,0.0000,0.0000,-0.0046,0.3500
10.233,0.3111,-0.4862,-5.2399,-62.9516,1,1,TRANSIT,2,exit,1.9657,0.3686,-5.2500,1.8625,90.2723,-0.0101,0.0000,0.0000,-0.0046,0.3500
10.267,0.3146,-0.4875,-5.2401,-63.0303,1,1,TRANSIT,2,exit,1.9657,0.3686,-5.2500,1.8599,90.4363,-0.0099,0.0000,0.0000,-0.0045,0.3500
10.300,0.3180,-0.4886,-5.2402,-63.0287,1,1,TRANSIT,2,exit,1.9657,0.3686,-5.2500,1.8574,90.5137,-0.0098,0.0000,0.0000,-0.0044,0.3500
10.333,0.3213,-0.4896,-5.2404,-62.9456,1,1,TRANSIT,2,exit,1.9657,0.3686,-5.2500,1.8550,90.5043,-0.0096,0.0000,0.0000,-0.0043,0.3500
10.367,0.3244,-0.4904,-5.2406,-62.8081,1,1,TRANSIT,2,exit,1.9657,0.3686,-5.2500,1.8526,90.4340,-0.0094,0.0000,0.0000,-0.0042,0.3500
10.400,0.3274,-0.4911,-5.2408,-62.6269,1,1,TRANSIT,2,exit,1.9657,0.3686,-5.2500,1.8502,90.3136,-0.0092,0.0000,0.0000,-0.0042,0.3500
10.433,0.3302,-0.4916,-5.2409,-62.4010,1,1,TRANSIT,2,exit,1.9657,0.3686,-5.2500,1.8480,90.1429,-0.0091,0.0000,0.0000,-0.0041,0.3500
10.467,0.3328,-0.4921,-5.2411,-62.1356,1,1,TRANSIT,2,exit,1.9657,0.3686,-5.2500,1.8459,89.9273,-0.0089,0.2000,0.0000,-0.0040,0.3500
10.500,0.3355,-0.4926,-5.2413,-61.9487,1,1,TRANSIT,2,exit,1.9657,0.3686,-5.2500,1.8438,89.7942,-0.0087,0.2000,0.0000,-0.0039,0.3500
10.533,0.3387,-0.4927,-5.2416,-61.8087,1,1,TRANSIT,2,exit,1.9657,0.3686,-5.2500,1.8410,89.7032,-0.0084,0.2000,0.0000,-0.0038,0.3500
10.567,0.3414,-0.4942,-5.2418,-61.5687,1,1,TRANSIT,2,exit,1.9657,0.3686,-5.2500,1.8393,89.5444,-0.0082,0.2000,0.0000,-0.0037,0.3500
10.600,0.3444,-0.4962,-5.2421,-61.2237,1,1,TRANSIT,2,exit,1.9657,0.3686,-5.2500,1.8375,89.2978,-0.0079,0.2000,0.0000,-0.0036,0.3500
10.633,0.3476,-0.4986,-5.2424,-60.7763,1,1,TRANSIT,2,exit,1.9657,0.3686,-5.2500,1.8359,88.9652,-0.0076,0.2000,0.0000,-0.0034,0.3500
10.667,0.3511,-0.5016,-5.2426,-60.2290,1,1,TRANSIT,2,exit,1.9657,0.3686,-5.2500,1.8342,88.5487,-0.0074,0.2000,0.0000,-0.0033,0.3500
10.700,0.3547,-0.5049,-5.2429,-59.5842,1,1,TRANSIT,2,exit,1.9657,0.3686,-5.2500,1.8326,88.0501,-0.0071,0.2000,0.0000,-0.0032,0.3500
10.733,0.3585,-0.5087,-5.2431,-58.8443,1,1,TRANSIT,2,exit,1.9657,0.3686,-5.2500,1.8311,87.4715,-0.0069,0.2000,0.0000,-0.0031,0.3500
10.767,0.3626,-0.5129,-5.2434,-58.0119,1,1,TRANSIT,2,exit,1.9657,0.3686,-5.2500,1.8295,86.8147,-0.0066,0.2000,0.0000,-0.0030,0.3500
10.800,0.3668,-0.5175,-5.2436,-57.0891,1,1,TRANSIT,2,exit,1.9657,0.3686,-5.2500,1.8280,86.0816,-0.0064,0.2000,0.0000,-0.0029,0.3500
10.833,0.3713,-0.5224,-5.2439,-56.0783,1,1,TRANSIT,2,exit,1.9657,0.3686,-5.2500,1.8265,85.2739,-0.0061,0.2000,0.0000,-0.0028,0.3500
10.867,0.3759,-0.5277,-5.2441,-54.9818,1,1,TRANSIT,2,exit,1.9657,0.3686,-5.2500,1.8251,84.3934,-0.0059,0.2000,0.0000,-0.0027,0.3500
10.900,0.3808,-0.5333,-5.2443,-53.8017,1,1,TRANSIT,2,exit,1.9657,0.3686,-5.2500,1.8236,83.4419,-0.0057,0.2000,0.0000,-0.0026,0.3500
10.933,0.3859,-0.5392,-5.2445,-52.5401,1,1,TRANSIT,2,exit,1.9657,0.3686,-5.2500,1.8221,82.4210,-0.0055,0.2000,0.0000,-0.0025,0.3500
10.967,0.3912,-0.5454,-5.2448,-51.1992,1,1,TRANSIT,2,exit,1.9657,0.3686,-5.2500,1.8206,81.3324,-0.0052,0.2000,0.0000,-0.0024,0.3500
11.000,0.3967,-0.5519,-5.2450,-49.7809,1,1,TRANSIT,2,exit,1.9657,0.3686,-5.2500,1.8191,80.1776,-0.0050,0.2000,0.0000,-0.0023,0.3500
11.033,0.4025,-0.5586,-5.2452,-48.2873,1,1,TRANSIT,2,exit,1.9657,0.3686,-5.2500,1.8176,78.9583,-0.0048,0.2000,0.0000,-0.0022,0.3500
11.067,0.4084,-0.5655,-5.2454,-46.7201,1,1,TRANSIT,2,exit,1.9657,0.3686,-5.2500,1.8160,77.6757,-0.0046,0.2000,0.0000,-0.0021,0.3500
11.100,0.4146,-0.5727,-5.2456,-45.0813,1,1,TRANSIT,2,exit,1.9657,0.3686,-5.2500,1.8143,76.3314,-0.0044,0.2000,0.0000,-0.0020,0.3500
11.133,0.4211,-0.5800,-5.2458,-43.3726,1,1,TRANSIT,2,exit,1.9657,0.3686,-5.2500,1.8127,74.9267,-0.0042,0.2000,0.0000,-0.0019,0.3500
11.167,0.4278,-0.5875,-5.2460,-41.5957,1,1,TRANSIT,2,exit,1.9657,0.3686,-5.2500,1.8109,73.4629,-0.0040,0.2000,0.0000,-0.0018,0.3500
11.200,0.4347,-0.5951,-5.2463,-39.7524,1,1,TRANSIT,2,exit,1.9657,0.3686,-5.2500,1.8091,71.9413,-0.0037,0.2000,0.0000,-0.0017,0.3500
11.233,0.4419,-0.6029,-5.2465,-37.8442,1,1,TRANSIT,2,exit,1.9657,0.3686,-5.2500,1.8072,70.3630,-0.0035,0.2126,0.0000,-0.0016,0.3500
11.267,0.4494,-0.6108,-5.2467,-35.8727,1,1,TRANSIT,2,exit,1.9657,0.3686,-5.2500,1.8051,68.7304,-0.0033,0.2292,0.0000,-0.0015,0.3500
11.300,0.4572,-0.6188,-5.2469,-33.8396,1,1,TRANSIT,2,exit,1.9657,0.3686,-5.2500,1.8030,67.0462,-0.0031,0.2461,0.0000,-0.0014,0.3500
11.333,0.4654,-0.6270,-5.2472,-31.7464,1,1,TRANSIT,2,exit,1.9657,0.3686,-5.2500,1.8006,65.3130,-0.0028,0.2632,0.0000,-0.0013,0.3500
11.367,0.4740,-0.6353,-5.2474,-29.5944,1,1,TRANSIT,2,exit,1.9657,0.3686,-5.2500,1.7981,63.5331,-0.0026,0.2805,0.0000,-0.0012,0.3500
11.400,0.4831,-0.6437,-5.2476,-27.3853,1,1,TRANSIT,2,exit,1.9657,0.3686,-5.2500,1.7953,61.7090,-0.0024,0.2978,0.0000,-0.0011,0.3500
11.433,0.4927,-0.6523,-5.2479,-25.1205,1,1,TRANSIT,2,exit,1.9657,0.3686,-5.2500,1.7922,59.8429,-0.0021,0.3151,0.0000,-0.0010,0.3500
11.467,0.5028,-0.6609,-5.2481,-22.8013,1,1,TRANSIT,2,exit,1.9657,0.3686,-5.2500,1.7889,57.9369,-0.0019,0.3324,0.0000,-0.0008,0.3500
11.500,0.5136,-0.6697,-5.2484,-20.4291,1,1,TRANSIT,2,exit,1.9657,0.3686,-5.2500,1.7851,55.9931,-0.0016,0.3494,0.0000,-0.0007,0.3500
11.533,0.5250,-0.6785,-5.2486,-18.0053,1,1,TRANSIT,2,exit,1.9657,0.3686,-5.2500,1.7810,54.0132,-0.0014,0.3663,0.0000,-0.0006,0.3500
11.567,0.5371,-0.6873,-5.2489,-15.5311,1,1,TRANSIT,2,exit,1.9657,0.3686,-5.2500,1.7764,51.9990,-0.0011,0.3828,0.0000,-0.0005,0.3500
11.600,0.5500,-0.6961,-5.2491,-13.0079,1,1,TRANSIT,2,exit,1.9657,0.3686,-5.2500,1.7714,49.9520,-0.0009,0.3989,0.0000,-0.0004,0.3500
11.633,0.5636,-0.7049,-5.2493,-10.4368,1,1,TRANSIT,2,exit,1.9657,0.3686,-5.2500,1.7659,47.8736,-0.0007,0.4146,0.0000,-0.0003,0.3500
11.667,0.5780,-0.7135,-5.2496,-7.8191,1,1,TRANSIT,2,exit,1.9657,0.3686,-5.2500,1.7598,45.7652,-0.0004,0.4297,0.0000,-0.0002,0.3500
11.700,0.5932,-0.7221,-5.2498,-5.1559,1,1,TRANSIT,2,exit,1.9657,0.3686,-5.2500,1.7531,43.6278,-0.0002,0.4441,0.0000,-0.0001,0.3427
11.733,0.6093,-0.7304,-5.2500,-2.4507,1,1,TRANSIT,2,exit,1.9657,0.3686,-5.2500,1.7457,41.4646,0.0000,0.4579,0.0000,0.0000,0.3257
11.767,0.6262,-0.7384,-5.2503,0.2900,1,1,TRANSIT,2,exit,1.9657,0.3686,-5.2500,1.7377,39.2818,0.0003,0.4708,0.0000,0.0001,0.3085
11.800,0.6440,-0.7462,-5.2505,3.0601,1,1,TRANSIT,2,exit,1.9657,0.3686,-5.2500,1.7291,37.0853,0.0005,0.4828,0.0000,0.0002,0.2913
11.833,0.6627,-0.7536,-5.2506,5.8532,1,1,TRANSIT,2,exit,1.9657,0.3686,-5.2500,1.7197,34.8808,0.0006,0.4937,0.0000,0.0003,0.2740
11.867,0.6822,-0.7605,-5.2508,8.6632,1,1,TRANSIT,2,exit,1.9657,0.3686,-5.2500,1.7095,32.6736,0.0008,0.5036,0.0000,0.0004,0.2566
11.900,0.7026,-0.7669,-5.2510,11.4844,1,1,TRANSIT,2,exit,1.9657,0.3686,-5.2500,1.6985,30.4689,0.0010,0.5124,0.0000,0.0004,0.2393
11.933,0.7237,-0.7728,-5.2511,14.3108,1,1,TRANSIT,2,exit,1.9657,0.3686,-5.2500,1.6868,28.2717,0.0011,0.5200,0.0000,0.0005,0.2220
11.967,0.7457,-0.7780,-5.2512,17.1370,1,1,TRANSIT,2,exit,1.9657,0.3686,-5.2500,1.6743,26.0865,0.0012,0.5263,0.0000,0.0005,0.2049
12.000,0.7685,-0.7826,-5.2513,19.9574,1,1,TRANSIT,2,exit,1.9657,0.3686,-5.2500,1.6609,23.9177,0.0013,0.5314,0.0000,0.0006,0.1878
12.033,0.7919,-0.7864,-5.2514,22.7668,1,1,TRANSIT,2,exit,1.9657,0.3686,-5.2500,1.6467,21.7696,0.0014,0.5353,0.0000,0.0006,0.1710
12.067,0.8161,-0.7894,-5.2515,25.5601,1,1,TRANSIT,2,exit,1.9657,0.3686,-5.2500,1.6317,19.6460,0.0015,0.5379,0.0000,0.0007,0.1543
12.100,0.8409,-0.7915,-5.2515,28.3325,1,1,TRANSIT,2,exit,1.9657,0.3686,-5.2500,1.6159,17.5507,0.0015,0.5392,0.0000,0.0007,0.1378
12.133,0.8662,-0.7928,-5.2515,31.0792,1,1,TRANSIT,2,exit,1.9657,0.3686,-5.2500,1.5993,15.4870,0.0015,0.5394,0.0000,0.0007,0.1216
12.167,0.8920,-0.7931,-5.2515,33.7958,1,1,TRANSIT,2,exit,1.9657,0.3686,-5.2500,1.5819,13.4583,0.0015,0.5385,0.0000,0.0007,0.1057
12.200,0.9183,-0.7925,-5.2515,36.4780,1,1,TRANSIT,2,exit,1.9657,0.3686,-5.2500,1.5637,11.4676,0.0015,0.5364,0.0000,0.0007,0.0901
12.233,0.9450,-0.7909,-5.2515,39.1217,1,1,TRANSIT,2,exit,1.9657,0.3686,-5.2500,1.5448,9.5178,0.0015,0.5332,0.0000,0.0007,0.0748
12.267,0.9719,-0.7883,-5.2515,41.7230,1,1,TRANSIT,2,exit,1.9657,0.3686,-5.2500,1.5251,7.6114,0.0015,0.5291,0.0000,0.0007,0.0598
12.300,0.9991,-0.7846,-5.2515,44.2783,1,1,TRANSIT,2,exit,1.9657,0.3686,-5.2500,1.5048,5.7511,0.0015,0.5240,0.0000,0.0007,0.0452
12.333,1.0264,-0.7800,-5.2515,46.7841,1,1,TRANSIT,2,exit,1.9657,0.3686,-5.2500,1.4838,3.9390,0.0015,0.5181,0.0000,0.0007,0.0000
12.367,1.0538,-0.7743,-5.2514,49.2273,1,1,TRANSIT,2,exit,1.9657,0.3686,-5.2500,1.4621,2.1872,0.0014,0.5114,0.0000,0.0006,0.0000
12.400,1.0813,-0.7677,-5.2514,51.6094,1,1,TRANSIT,2,exit,1.9657,0.3686,-5.2500,1.4399,0.4930,0.0014,0.5040,0.0000,0.0006,0.0000
12.433,1.1087,-0.7600,-5.2514,53.9321,1,1,TRANSIT,2,exit,1.9657,0.3686,-5.2500,1.4172,-1.1461,0.0014,0.4959,0.0000,0.0006,0.0000
12.467,1.1359,-0.7514,-5.2514,56.1967,1,1,TRANSIT,2,exit,1.9657,0.3686,-5.2500,1.3939,-2.7325,0.0014,0.4873,0.0000,0.0006,0.0000
12.500,1.1630,-0.7418,-5.2513,58.4048,1,1,TRANSIT,2,exit,1.9657,0.3686,-5.2500,1.3702,-4.2687,0.0013,0.4782,0.0000,0.0006,0.0000
12.533,1.1899,-0.7313,-5.2513,60.5577,1,1,TRANSIT,2,exit,1.9657,0.3686,-5.2500,1.3460,-5.7569,0.0013,0.4687,0.0000,0.0006,-0.0452
12.567,1.2165,-0.7199,-5.2513,62.6424,1,1,TRANSIT,2,exit,1.9657,0.3686,-5.2500,1.3214,-7.1849,0.0013,0.4589,0.0000,0.0006,-0.0564
12.600,1.2427,-0.7076,-5.2513,64.6571,1,1,TRANSIT,2,exit,1.9657,0.3686,-5.2500,1.2966,-8.5515,0.0013,0.4487,0.0000,0.0006,-0.0672
12.633,1.2686,-0.6946,-5.2513,66.6001,1,1,TRANSIT,2,exit,1.9657,0.3686,-5.2500,1.2714,-9.8558,0.0013,0.4384,0.0000,0.0006,-0.0774
12.667,1.2940,-0.6807,-5.2513,68.4700,1,1,TRANSIT,2,exit,1.9657,0.3686,-5.2500,1.2459,-11.0969,0.0013,0.4279,0.0000,0.0006,-0.0872
12.700,1.3190,-0.6661,-5.2513,70.2655,1,1,TRANSIT,2,exit,1.9657,0.3686,-5.2500,1.2202,-12.2741,0.0013,0.4173,0.0000,0.0006,-0.0964
12.733,1.3434,-0.6509,-5.2513,71.9855,1,1,TRANSIT,2,exit,1.9657,0.3686,-5.2500,1.1944,-13.3868,0.0013,0.4067,0.0000,0.0006,-0.1051
12.767,1.3674,-0.6350,-5.2513,73.6292,1,1,TRANSIT,2,exit,1.9657,0.3686,-5.2500,1.1684,-14.4347,0.0013,0.3960,0.0000,0.0006,-0.1134
12.800,1.3908,-0.6184,-5.2514,75.1958,1,1,TRANSIT,2,exit,1.9657,0.3686,-5.2500,1.1423,-15.4172,0.0014,0.3854,0.0000,0.0006,-0.1211
12.833,1.4136,-0.6014,-5.2514,76.6849,1,1,TRANSIT,2,exit,1.9657,0.3686,-5.2500,1.1161,-16.3344,0.0014,0.3749,0.0000,0.0006,-0.1283
12.867,1.4359,-0.5838,-5.2514,78.0961,1,1,TRANSIT,2,exit,1.9657,0.3686,-5.2500,1.0899,-17.1861,0.0014,0.3644,0.0000,0.0006,-0.1350
12.900,1.4575,-0.5658,-5.2514,79.4292,1,1,TRANSIT,2,exit,1.9657,0.3686,-5.2500,1.0636,-17.9724,0.0014,0.3541,0.0000,0.0006,-0.1412
12.933,1.4786,-0.5473,-5.2514,80.6843,1,1,TRANSIT,2,exit,1.9657,0.3686,-5.2500,1.0374,-18.6935,0.0014,0.3439,0.0000,0.0006,-0.1468
12.967,1.4990,-0.5284,-5.2515,81.8615,1,1,TRANSIT,2,exit,1.9657,0.3686,-5.2500,1.0112,-19.3496,0.0015,0.3339,0.0000,0.0007,-0.1520
13.000,1.5188,-0.5093,-5.2515,82.9611,1,1,TRANSIT,2,exit,1.9657,0.3686,-5.2500,0.9850,-19.9412,0.0015,0.3241,0.0000,0.0007,-0.1566
13.033,1.5381,-0.4898,-5.2515,83.9836,1,1,TRANSIT,2,exit,1.9657,0.3686,-5.2500,0.9590,-20.4687,0.0015,0.3145,0.0000,0.0007,-0.1608
13.067,1.5567,-0.4700,-5.2515,84.9296,1,1,TRANSIT,2,exit,1.9657,0.3686,-5.2500,0.9331,-20.9329,0.0015,0.3050,0.0000,0.0007,-0.1644
13.100,1.5747,-0.4501,-5.2515,85.7999,1,1,TRANSIT,2,exit,1.9657,0.3686,-5.2500,0.9073,-21.3345,0.0015,0.2958,0.0000,0.0007,-0.1676
13.133,1.5921,-0.4299,-5.2515,86.5953,1,1,TRANSIT,2,exit,1.9657,0.3686,-5.2500,0.8816,-21.6742,0.0015,0.2868,0.0000,0.0007,-0.1702
13.167,1.6089,-0.4096,-5.2515,87.3168,1,1,TRANSIT,2,exit,1.9657,0.3686,-5.2500,0.8561,-21.9531,0.0015,0.2779,0.0000,0.0007,-0.1724
13.200,1.6251,-0.3892,-5.2515,87.9657,1,1,TRANSIT,2,exit,1.9657,0.3686,-5.2500,0.8308,-22.1720,0.0015,0.2693,0.0000,0.0007,-0.1741
13.233,1.6407,-0.3687,-5.2515,88.5431,1,1,TRANSIT,2,exit,1.9657,0.3686,-5.2500,0.8057,-22.3323,0.0015,0.2609,0.0000,0.0007,-0.1754
13.267,1.6558,-0.3481,-5.2515,89.0505,1,1,TRANSIT,2,exit,1.9657,0.3686,-5.2500,0.7808,-22.4349,0.0015,0.2466,0.0000,0.0007,-0.1762
13.300,1.6704,-0.3275,-5.2515,89.4893,1,1,TRANSIT,2,exit,1.9657,0.3686,-5.2500,0.7562,-22.4807,0.0015,0.2312,0.0000,0.0007,-0.1766
13.333,1.6844,-0.3070,-5.2515,89.8611,1,1,TRANSIT,2,exit,1.9657,0.3686,-5.2500,0.7318,-22.4703,0.0015,0.2165,0.0000,0.0007,-0.1765
13.367,1.6979,-0.2865,-5.2514,90.1677,1,1,TRANSIT,2,exit,1.9657,0.3686,-5.2500,0.7077,-22.4043,0.0014,0.2026,0.0000,0.0006,-0.1760
13.400,1.7109,-0.2661,-5.2514,90.4108,1,1,TRANSIT,2,exit,1.9657,0.3686,-5.2500,0.6839,-22.2837,0.0014,0.2000,0.0000,0.0006,-0.1750
13.433,1.7235,-0.2459,-5.2514,90.5923,1,1,TRANSIT,2,exit,1.9657,0.3686,-5.2500,0.6605,-22.1103,0.0014,0.2000,0.0000,0.0006,-0.1737
13.467,1.7356,-0.2258,-5.2514,90.7142,1,1,TRANSIT,2,exit,1.9657,0.3686,-5.2500,0.6374,-21.8864,0.0014,0.2000,0.0000,0.0006,-0.1719
13.500,1.7472,-0.2057,-5.2513,90.7785,1,1,TRANSIT,2,exit,1.9657,0.3686,-5.2500,0.6145,-21.6143,0.0013,0.2000,0.0000,0.0006,-0.1698
13.533,1.7584,-0.1858,-5.2513,90.7874,2,2,APPROACH,2,approach,6.0087,1.6867,-5.2500,4.6445,-67.0116,0.0013,0.6349,0.0000,0.0006,-0.2198
13.567,1.7691,-0.1646,-5.2513,90.7264,2,2,APPROACH,2,approach,6.0087,1.6867,-5.2500,4.6262,-67.1371,0.0013,0.6291,0.0000,0.0006,-0.2698
13.600,1.7795,-0.1422,-5.2512,90.5814,2,2,APPROACH,2,approach,6.0087,1.6867,-5.2500,4.6078,-67.1960,0.0012,0.6251,0.0000,0.0006,-0.3198
13.633,1.7894,-0.1186,-5.2512,90.3387,2,2,APPROACH,2,approach,6.0087,1.6867,-5.2500,4.5893,-67.1739,0.0012,0.6231,0.0000,0.0005,-0.3500
13.667,1.7990,-0.0940,-5.2511,89.9911,2,2,APPROACH,2,approach,6.0087,1.6867,-5.2500,4.5708,-67.0632,0.0011,0.6235,0.0000,0.0005,-0.3500
13.700,1.8083,-0.0683,-5.2511,89.5413,2,2,APPROACH,2,approach,6.0087,1.6867,-5.2500,4.5523,-66.8661,0.0011,0.6260,0.0000,0.0005,-0.3500
13.733,1.8172,-0.0415,-5.2511,88.9918,2,2,APPROACH,2,approach,6.0087,1.6867,-5.2500,4.5338,-66.5849,0.0011,0.6306,0.0000,0.0005,-0.3500
13.767,1.8258,-0.0138,-5.2510,88.3450,2,2,APPROACH,2,approach,6.0087,1.6867,-5.2500,4.5153,-66.2216,0.0010,0.6372,0.0000,0.0005,-0.3500
13.800,1.8342,0.0149,-5.2510,87.6035,2,2,APPROACH,2,approach,6.0087,1.6867,-5.2500,4.4968,-65.7787,0.0010,0.6457,0.0000,0.0004,-0.3500
13.833,1.8424,0.0446,-5.2510,86.7696,2,2,APPROACH,2,approach,6.0087,1.6867,-5.2500,4.4783,-65.2582,0.0010,0.6560,0.0000,0.0004,-0.3500
13.867,1.8504,0.0752,-5.2509,85.8455,2,2,APPROACH,2,approach,6.0087,1.6867,-5.2500,4.4597,-64.6623,0.0009,0.6680,0.0000,0.0004,-0.3500
13.900,1.8582,0.1067,-5.2509,84.8336,2,2,APPROACH,2,approach,6.0087,1.6867,-5.2500,4.4410,-63.9934,0.0009,0.6815,0.0000,0.0004,-0.3500
13.933,1.8660,0.1392,-5.2509,83.7361,2,2,APPROACH,2,approach,6.0087,1.6867,-5.2500,4.4223,-63.2535,0.0009,0.6966,0.0000,0.0004,-0.3500
13.967,1.8737,0.1727,-5.2509,82.5550,2,2,APPROACH,2,approach,6.0087,1.6867,-5.2500,4.4035,-62.4449,0.0009,0.7130,0.0000,0.0004,-0.3500
14.000,1.8815,0.2070,-5.2509,81.2925,2,2,APPROACH,2,approach,6.0087,1.6867,-5.2500,4.3845,-61.5697,0.0009,0.7306,0.0000,0.0004,-0.3500
14.033,1.8893,0.2424,-5.2509,79.9507,2,2,APPROACH,2,approach,6.0087,1.6867,-5.2500,4.3653,-60.6300,0.0009,0.7493,0.0000,0.0004,-0.3500
14.067,1.8972,0.2787,-5.2509,78.5314,2,2,APPROACH,2,approach,6.0087,1.6867,-5.2500,4.3459,-59.6278,0.0009,0.7691,0.0000,0.0004,-0.3500
14.100,1.9053,0.3160,-5.2509,77.0366,2,2,APPROACH,2,approach,6.0087,1.6867,-5.2500,4.3263,-58.5652,0.0009,0.7897,0.0000,0.0004,-0.3500
14.133,1.9137,0.3542,-5.2509,75.4682,2,2,APPROACH,2,approach,6.0087,1.6867,-5.2500,4.3064,-57.4443,0.0009,0.8111,0.0000,0.0004,-0.3500
14.167,1.9224,0.3935,-5.2509,73.8281,2,2,APPROACH,2,approach,6.0087,1.6867,-5.2500,4.2861,-56.2669,0.0009,0.8331,0.0000,0.0004,-0.3500
14.200,1.9315,0.4337,-5.2509,72.1181,2,2,APPROACH,2,approach,6.0087,1.6867,-5.2500,4.2654,-55.0349,0.0009,0.8555,0.0000,0.0004,-0.3500
14.233,1.9411,0.4749,-5.2509,70.3399,2,2,APPROACH,2,approach,6.0087,1.6867,-5.2500,4.2443,-53.7501,0.0009,0.8784,0.0000,0.0004,-0.3500
14.267,1.9513,0.5170,-5.2510,68.4952,2,2,APPROACH,2,approach,6.0087,1.6867,-5.2500,4.2227,-52.4144,0.0010,0.9015,0.0000,0.0004,-0.3500
14.300,1.9621,0.5602,-5.2510,66.5856,2,2,APPROACH,2,approach,6.0087,1.6867,-5.2500,4.2005,-51.0292,0.0010,0.9246,0.0000,0.0004,-0.3500
14.333,1.9737,0.6042,-5.2510,64.6206,2,2,APPROACH,2,approach,6.0087,1.6867,-5.2500,4.1777,-49.6039,0.0010,0.9476,0.0000,0.0005,-0.3500
14.367,1.9861,0.6492,-5.2510,62.6160,2,2,APPROACH,2,approach,6.0087,1.6867,-5.2500,4.1543,-48.1538,0.0010,0.9700,0.0000,0.0005,-0.3500
14.400,1.9993,0.6949,-5.2511,60.5871,2,2,APPROACH,2,approach,6.0087,1.6867,-5.2500,4.1302,-46.6937,0.0011,0.9915,0.0000,0.0005,-0.3500
14.433,2.0135,0.7415,-5.2511,58.5481,2,2,APPROACH,2,approach,6.0087,1.6867,-5.2500,4.1055,-45.2374,0.0011,1.0000,0.0000,0.0005,-0.3500
14.467,2.0287,0.7887,-5.2511,56.5045,2,2,APPROACH,2,approach,6.0087,1.6867,-5.2500,4.0800,-43.7898,0.0011,1.0000,0.0000,0.0005,-0.3439
14.500,2.0450,0.8365,-5.2511,54.4576,2,2,APPROACH,2,approach,6.0087,1.6867,-5.2500,4.0539,-42.3512,0.0011,1.0000,0.0000,0.0005,-0.3326
14.533,2.0624,0.8848,-5.2511,52.4091,2,2,APPROACH,2,approach,6.0087,1.6867,-5.2500,4.0270,-40.9227,0.0011,1.0000,0.0000,0.0005,-0.3214
14.567,2.0809,0.9335,-5.2511,50.3609,2,2,APPROACH,2,approach,6.0087,1.6867,-5.2500,3.9994,-39.5056,0.0011,1.0000,0.0000,0.0005,-0.3103
14.600,2.1006,0.9825,-5.2510,48.3147,2,2,APPROACH,2,approach,6.0087,1.6867,-5.2500,3.9710,-38.1007,0.0010,1.0000,0.0000,0.0005,-0.2992
14.633,2.1215,1.0318,-5.2510,46.2722,2,2,APPROACH,2,approach,6.0087,1.6867,-5.2500,3.9420,-36.7092,0.0010,1.0000,0.0000,0.0005,-0.2883
14.667,2.1437,1.0812,-5.2510,44.2351,2,2,APPROACH,2,approach,6.0087,1.6867,-5.2500,3.9122,-35.3321,0.0010,1.0000,0.0000,0.0004,-0.2775
14.700,2.1671,1.1307,-5.2509,42.2049,2,2,APPROACH,2,approach,6.0087,1.6867,-5.2500,3.8816,-33.9702,0.0009,1.0000,0.0000,0.0004,-0.2668
14.733,2.1919,1.1802,-5.2509,40.1832,2,2,APPROACH,2,approach,6.0087,1.6867,-5.2500,3.8503,-32.6246,0.0009,1.0000,0.0000,0.0004,-0.2562
14.767,2.2179,1.2296,-5.2508,38.1714,2,2,APPROACH,2,approach,6.0087,1.6867,-5.2500,3.8183,-31.2961,0.0008,1.0000,0.0000,0.0004,-0.2458
14.800,2.2453,1.2788,-5.2508,36.1709,2,2,APPROACH,2,approach,6.0087,1.6867,-5.2500,3.7855,-29.9857,0.0008,1.0000,0.0000,0.0003,-0.2355
14.833,2.2740,1.3278,-5.2507,34.1831,2,2,APPROACH,2,approach,6.0087,1.6867,-5.2500,3.7519,-28.6940,0.0007,1.0000,0.0000,0.0003,-0.2254
14.867,2.3041,1.3764,-5.2506,32.2093,2,2,APPROACH,2,approach,6.0087,1.6867,-5.2500,3.7176,-27.4219,0.0006,1.0000,0.0000,0.0003,-0.2154
14.900,2.3355,1.4246,-5.2505,30.2507,2,2,APPROACH,2,approach,6.0087,1.6867,-5.2500,3.6826,-26.1701,0.0005,1.0000,0.0000,0.0002,-0.2055
14.933,2.3682,1.4724,-5.2505,28.3085,2,2,APPROACH,2,approach,6.0087,1.6867,-5.2500,3.6468,-24.9394,0.0005,1.0000,0.0000,0.0002,-0.1959
14.967,2.4023,1.5196,-5.2504,26.3837,2,2,APPROACH,2,approach,6.0087,1.6867,-5.2500,3.6103,-23.7304,0.0004,1.0000,0.0000,0.0002,-0.1864
15.000,2.4377,1.5661,-5.2503,24.4776,2,2,APPROACH,2,approach,6.0087,1.6867,-5.2500,3.5731,-22.5439,0.0003,1.0000,0.0000,0.0001,-0.1771
15.033,2.4745,1.6120,-5.2502,22.5910,2,2,APPROACH,2,approach,6.0087,1.6867,-5.2500,3.5351,-21.3803,0.0002,1.0000,0.0000,0.0001,-0.1679
15.067,2.5125,1.6571,-5.2502,20.7250,2,2,APPROACH,2,approach,6.0087,1.6867,-5.2500,3.4964,-20.2404,0.0002,1.0000,0.0000,0.0001,-0.1590
15.100,2.5519,1.7014,-5.2501,18.8804,2,2,APPROACH,2,approach,6.0087,1.6867,-5.2500,3.4569,-19.1246,0.0001,1.0000,0.0000,0.0000,-0.1502
15.133,2.5925,1.7448,-5.2500,17.0582,2,2,APPROACH,2,approach,6.0087,1.6867,-5.2500,3.4167,-18.0336,0.0000,1.0000,0.0000,0.0000,-0.1416
15.167,2.6344,1.7873,-5.2500,15.2590,2,2,APPROACH,2,approach,6.0087,1.6867,-5.2500,3.3759,-16.9677,-0.0000,1.0000,0.0000,-0.0000,-0.1333
15.200,2.6775,1.8289,-5.2499,13.4837,2,2,APPROACH,2,approach,6.0087,1.6867,-5.2500,3.3343,-15.9275,-0.0001,1.0000,0.0000,-0.0000,-0.1251
15.233,2.7218,1.8693,-5.2499,11.7329,2,2,APPROACH,2,approach,6.0087,1.6867,-5.2500,3.2920,-14.9134,-0.0001,1.0000,0.0000,-0.0000,-0.1171
15.267,2.7673,1.9087,-5.2499,10.0074,2,2,APPROACH,2,approach,6.0087,1.6867,-5.2500,3.2491,-13.9258,-0.0001,1.0000,0.0000,-0.0001,-0.1094
15.300,2.8139,1.9470,-5.2498,8.3076,2,2,APPROACH,2,approach,6.0087,1.6867,-5.2500,3.2054,-12.9652,-0.0002,1.0000,0.0000,-0.0001,-0.1018
15.333,2.8616,1.9840,-5.2498,6.6342,2,2,APPROACH,2,approach,6.0087,1.6867,-5.2500,3.1611,-12.0318,-0.0002,1.0000,0.0000,-0.0001,-0.0945
15.367,2.9105,2.0199,-5.2498,4.9877,2,2,APPROACH,2,approach,6.0087,1.6867,-5.2500,3.1161,-11.1260,-0.0002,1.0000,0.0000,-0.0001,-0.0874
15.400,2.9603,2.0545,-5.2498,3.3685,2,2,APPROACH,2,approach,6.0087,1.6867,-5.2500,3.0705,-10.2482,-0.0002,1.0000,0.0000,-0.0001,-0.0805
15.433,3.0112,2.0878,-5.2498,1.7770,2,2,APPROACH,2,approach,6.0087,1.6867,-5.2500,3.0242,-9.3986,-0.0002,1.0000,0.0000,-0.0001,-0.0738
15.467,3.0630,2.1198,-5.2498,0.2135,2,2,APPROACH,2,approach,6.0087,1.6867,-5.2500,2.9773,-8.5776,-0.0002,1.0000,0.0000,-0.0001,-0.0674
15.500,3.1158,2.1504,-5.2498,-1.3215,2,2,APPROACH,2,approach,6.0087,1.6867,-5.2500,2.9298,-7.7853,-0.0002,1.0000,0.0000,-0.0001,-0.0611
15.533,3.1695,2.1797,-5.2498,-2.8279,2,2,APPROACH,2,approach,6.0087,1.6867,-5.2500,2.8817,-7.0221,-0.0002,1.0000,0.0000,-0.0001,-0.0552
15.567,3.2240,2.2075,-5.2499,-4.3053,2,2,APPROACH,2,approach,6.0087,1.6867,-5.2500,2.8330,-6.2882,-0.0001,0.9856,0.0000,-0.0001,-0.0494
15.600,3.2794,2.2339,-5.2499,-5.7615,2,2,APPROACH,2,approach,6.0087,1.6867,-5.2500,2.7837,-5.5759,-0.0001,0.9697,0.0000,-0.0000,-0.0438
15.633,3.3354,2.2589,-5.2499,-7.1951,2,2,APPROACH,2,approach,6.0087,1.6867,-5.2500,2.7339,-4.8864,-0.0001,0.9534,0.0000,-0.0000,0.0000
15.667,3.3920,2.2824,-5.2500,-8.5929,2,2,APPROACH,2,approach,6.0087,1.6867,-5.2500,2.6837,-4.2330,-0.0000,0.9367,0.0000,-0.0000,0.0000
15.700,3.4492,2.3045,-5.2500,-9.9558,2,2,APPROACH,2,approach,6.0087,1.6867,-5.2500,2.6331,-3.6148,-0.0000,0.9197,0.0000,-0.0000,0.0000
15.733,3.5067,2.3252,-5.2500,-11.2846,2,2,APPROACH,2,approach,6.0087,1.6867,-5.2500,2.5822,-3.0309,0.0000,0.9025,0.0000,0.0000,0.0000
15.767,3.5647,2.3444,-5.2500,-12.5802,2,2,APPROACH,2,approach,6.0087,1.6867,-5.2500,2.5310,-2.4807,0.0000,0.8850,0.0000,0.0000,0.0000
15.800,3.6229,2.3621,-5.2501,-13.8434,2,2,APPROACH,2,approach,6.0087,1.6867,-5.2500,2.4796,-1.9635,0.0001,0.8674,0.0000,0.0000,0.0000
15.833,3.6813,2.3785,-5.2501,-15.0750,2,2,APPROACH,2,approach,6.0087,1.6867,-5.2500,2.4281,-1.4785,0.0001,0.8496,0.0000,0.0000,0.0000
15.867,3.7398,2.3934,-5.2501,-16.2758,2,2,APPROACH,2,approach,6.0087,1.6867,-5.2500,2.3765,-1.0252,0.0001,0.8316,0.0000,0.0000,0.0000
15.900,3.7983,2.4070,-5.2501,-17.4466,2,2,APPROACH,2,approach,6.0087,1.6867,-5.2500,2.3248,-0.6030,0.0001,0.8136,0.0000,0.0000,0.0000
15.933,3.8568,2.4192,-5.2501,-18.5881,2,2,APPROACH,2,approach,6.0087,1.6867,-5.2500,2.2732,-0.2116,0.0001,0.7956,0.0000,0.0000,0.0000
15.967,3.9153,2.4301,-5.2501,-19.7011,2,2,APPROACH,2,approach,6.0087,1.6867,-5.2500,2.2216,0.1494,0.0001,0.7775,0.0000,0.0001,0.0000
16.000,3.9736,2.4397,-5.2501,-20.7863,2,2,APPROACH,2,approach,6.0087,1.6867,-5.2500,2.1700,0.4805,0.0001,0.7595,0.0000,0.0000,0.0000
16.033,4.0316,2.4481,-5.2501,-21.8443,2,2,APPROACH,2,approach,6.0087,1.6867,-5.2500,2.1187,0.7819,0.0001,0.7415,0.0000,0.0000,0.0000
16.067,4.0894,2.4552,-5.2501,-22.8759,2,2,APPROACH,2,approach,6.0087,1.6867,-5.2500,2.0675,1.0537,0.0001,0.7235,0.0000,0.0000,0.0000
16.100,4.1469,2.4611,-5.2501,-23.8817,2,2,APPROACH,2,approach,6.0087,1.6867,-5.2500,2.0165,1.2961,0.0001,0.7056,0.0000,0.0000,0.0000
16.133,4.2040,2.4659,-5.2501,-24.8624,2,2,APPROACH,2,approach,6.0087,1.6867,-5.2500,1.9658,1.5092,0.0001,0.6878,0.0000,0.0000,0.0000
16.167,4.2606,2.4696,-5.2501,-25.8185,2,2,APPROACH,2,approach,6.0087,1.6867,-5.2500,1.9154,1.6930,0.0001,0.6701,0.0000,0.0000,0.0000
16.200,4.3168,2.4722,-5.2500,-26.7507,2,2,APPROACH,2,approach,6.0087,1.6867,-5.2500,1.8653,1.8474,0.0000,0.6525,0.0000,0.0000,0.0000
16.233,4.3725,2.4737,-5.2500,-27.6597,2,2,APPROACH,2,approach,6.0087,1.6867,-5.2500,1.8156,1.9722,0.0000,0.6351,0.0000,0.0000,0.0000
16.267,4.4277,2.4742,-5.2500,-28.5459,2,2,APPROACH,2,approach,6.0087,1.6867,-5.2500,1.7663,2.0673,-0.0000,0.6178,0.0000,-0.0000,0.0000
16.300,4.4823,2.4738,-5.2500,-29.4099,2,2,APPROACH,2,approach,6.0087,1.6867,-5.2500,1.7175,2.1322,-0.0000,0.6007,0.0000,-0.0000,0.0000
16.333,4.5362,2.4725,-5.2500,-30.2524,2,2,APPROACH,2,approach,6.0087,1.6867,-5.2500,1.6690,2.1665,-0.0000,0.5837,0.0000,-0.0000,0.0000
16.367,4.5895,2.4702,-5.2499,-31.0738,2,2,APPROACH,2,approach,6.0087,1.6867,-5.2500,1.6211,2.1699,-0.0001,0.5670,0.0000,-0.0000,0.0000
16.400,4.6422,2.4672,-5.2499,-31.8746,2,2,APPROACH,2,approach,6.0087,1.6867,-5.2500,1.5737,2.1416,-0.0001,0.5504,0.0000,-0.0000,0.0000
16.433,4.6942,2.4633,-5.2499,-32.6555,2,2,APPROACH,2,approach,6.0087,1.6867,-5.2500,1.5269,2.0809,-0.0001,0.5340,0.0000,-0.0000,0.0000
16.467,4.7454,2.4587,-5.2499,-33.4168,2,2,APPROACH,2,approach,6.0087,1.6867,-5.2500,1.4806,1.9871,-0.0001,0.5179,0.0000,-0.0001,0.0000
16.500,4.7959,2.4534,-5.2499,-34.1591,2,2,APPROACH,2,approach,6.0087,1.6867,-5.2500,1.4349,1.8591,-0.0001,0.5019,0.0000,-0.0001,0.0000
16.533,4.8456,2.4474,-5.2499,-34.8829,2,2,APPROACH,2,approach,6.0087,1.6867,-5.2500,1.3898,1.6959,-0.0001,0.4862,0.0000,-0.0001,0.0000
16.567,4.8946,2.4408,-5.2498,-35.5885,2,2,APPROACH,2,approach,6.0087,1.6867,-5.2500,1.3453,1.4962,-0.0002,0.4707,0.0000,-0.0001,0.0000
16.600,4.9428,2.4335,-5.2498,-36.2765,2,2,APPROACH,2,approach,6.0087,1.6867,-5.2500,1.3015,1.2588,-0.0002,0.4554,0.0000,-0.0001,0.0000
16.633,4.9902,2.4257,-5.2498,-36.9473,2,2,APPROACH,2,approach,6.0087,1.6867,-5.2500,1.2584,0.9820,-0.0002,0.4404,0.0000,-0.0001,0.0000
16.667,5.0368,2.4174,-5.2498,-37.6013,2,2,APPROACH,2,approach,6.0087,1.6867,-5.2500,1.2160,0.6641,-0.0002,0.4256,0.0000,-0.0001,0.0000
16.700,5.0825,2.4086,-5.2498,-38.2390,2,2,APPROACH,2,approach,6.0087,1.6867,-5.2500,1.1743,0.3032,-0.0002,0.4110,0.0000,-0.0001,0.0000
16.733,5.1275,2.3994,-5.2498,-38.8608,2,2,APPROACH,2,approach,6.0087,1.6867,-5.2500,1.1334,-0.1028,-0.0002,0.3967,0.0000,-0.0001,0.0000
16.767,5.1716,2.3897,-5.2498,-39.4670,2,2,APPROACH,2,approach,6.0087,1.6867,-5.2500,1.0932,-0.5562,-0.0002,0.3826,0.0000,-0.0001,0.0000
16.800,5.2149,2.3796,-5.2498,-40.0580,2,2,APPROACH,2,approach,6.0087,1.6867,-5.2500,1.0538,-1.0597,-0.0002,0.3688,0.0000,-0.0001,0.0000
16.833,5.2573,2.3692,-5.2498,-40.6343,2,2,APPROACH,2,approach,6.0087,1.6867,-5.2500,1.0152,-1.6161,-0.0002,0.3552,0.0000,-0.0001,0.0000
16.867,5.2989,2.3585,-5.2498,-41.1961,2,2,APPROACH,2,approach,6.0087,1.6867,-5.2500,0.9774,-2.2284,-0.0002,0.3418,0.0000,-0.0001,0.0000
16.900,5.3396,2.3475,-5.2498,-41.7439,2,2,APPROACH,2,approach,6.0087,1.6867,-5.2500,0.9404,-2.9002,-0.0002,0.3287,0.0000,-0.0001,0.0000
16.933,5.3796,2.3362,-5.2498,-42.2781,2,2,APPROACH,2,approach,6.0087,1.6867,-5.2500,0.9043,-3.6351,-0.0002,0.3159,0.0000,-0.0001,0.0000
16.967,5.4186,2.3247,-5.2498,-42.7988,2,2,APPROACH,2,approach,6.0087,1.6867,-5.2500,0.8691,-4.4372,-0.0002,0.3033,0.0000,-0.0001,0.0000
17.000,5.4569,2.3131,-5.2498,-43.3066,2,2,APPROACH,2,approach,6.0087,1.6867,-5.2500,0.8348,-5.3110,-0.0002,0.2909,0.0000,-0.0001,-0.0417
17.033,5.4942,2.3012,-5.2499,-43.8149,2,2,APPROACH,2,approach,6.0087,1.6867,-5.2500,0.8014,-6.2479,-0.0001,0.2788,0.0000,-0.0001,-0.0491
17.067,5.5308,2.2892,-5.2499,-44.3260,2,2,APPROACH,2,approach,6.0087,1.6867,-5.2500,0.7690,-7.2509,-0.0001,0.2567,0.0000,-0.0001,-0.0569
17.100,5.5665,2.2770,-5.2499,-44.8424,2,2,APPROACH,2,approach,6.0087,1.6867,-5.2500,0.7376,-8.3230,-0.0001,0.2355,0.0000,-0.0001,-0.0654
17.133,5.6014,2.2649,-5.2499,-45.3666,2,2,APPROACH,2,approach,6.0087,1.6867,-5.2500,0.7073,-9.4670,-0.0001,0.2159,0.0000,-0.0001,-0.0744
17.167,5.6353,2.2527,-5.2499,-45.9013,2,2,APPROACH,2,approach,6.0087,1.6867,-5.2500,0.6781,-10.6858,-0.0001,0.2000,0.0000,-0.0001,-0.0839
17.200,5.6684,2.2405,-5.2499,-46.4492,2,2,APPROACH,2,approach,6.0087,1.6867,-5.2500,0.6500,-11.9817,-0.0001,0.2000,0.0000,-0.0001,-0.0941
17.233,5.7007,2.2284,-5.2499,-47.0133,2,2,APPROACH,2,approach,6.0087,1.6867,-5.2500,0.6231,-13.3581,-0.0001,0.2000,0.0000,-0.0001,-0.1049
17.267,5.7321,2.2162,-5.2499,-47.5965,2,2,TRANSIT,2,exit,9.9913,1.3133,-5.2500,4.3538,35.6280,-0.0001,1.0000,0.0000,-0.0000,-0.0549
17.300,5.7644,2.2022,-5.2499,-48.1739,2,2,TRANSIT,2,exit,9.9913,1.3133,-5.2500,4.3193,36.2983,-0.0001,1.0000,0.0000,-0.0000,-0.0049
17.333,5.7976,2.1863,-5.2499,-48.7375,2,2,TRANSIT,2,exit,9.9913,1.3133,-5.2500,4.2835,36.9780,-0.0001,1.0000,0.0000,-0.0000,0.0451
17.367,5.8316,2.1687,-5.2499,-49.2800,2,2,TRANSIT,2,exit,9.9913,1.3133,-5.2500,4.2467,37.6593,-0.0001,1.0000,0.0000,-0.0001,0.0951
17.400,5.8663,2.1495,-5.2499,-49.7938,2,2,TRANSIT,2,exit,9.9913,1.3133,-5.2500,4.2088,38.3350,-0.0001,1.0000,0.0000,-0.0001,0.1451
17.433,5.9017,2.1286,-5.2499,-50.2717,2,2,TRANSIT,2,exit,9.9913,1.3133,-5.2500,4.1701,38.9979,-0.0001,1.0000,0.0000,-0.0001,0.1951
17.467,5.9376,2.1061,-5.2499,-50.7068,2,2,TRANSIT,2,exit,9.9913,1.3133,-5.2500,4.1305,39.6409,-0.0001,1.0000,0.0000,-0.0001,0.2451
17.500,5.9741,2.0822,-5.2499,-51.0922,2,2,TRANSIT,2,exit,9.9913,1.3133,-5.2500,4.0901,40.2572,-0.0001,1.0000,0.0000,-0.0001,0.2951
17.533,6.0110,2.0568,-5.2498,-51.4212,2,2,TRANSIT,2,exit,9.9913,1.3133,-5.2500,4.0491,40.8403,-0.0002,1.0000,0.0000,-0.0001,0.3208
17.567,6.0483,2.0301,-5.2498,-51.6910,2,2,TRANSIT,2,exit,9.9913,1.3133,-5.2500,4.0076,41.3874,-0.0002,1.0000,0.0000,-0.0001,0.3251
17.600,6.0860,2.0021,-5.2498,-51.9027,2,2,TRANSIT,2,exit,9.9913,1.3133,-5.2500,3.9655,41.8998,-0.0002,1.0000,0.0000,-0.0001,0.3291
17.633,6.1241,1.9729,-5.2498,-52.0568,2,2,TRANSIT,2,exit,9.9913,1.3133,-5.2500,3.9230,42.3783,-0.0002,1.0000,0.0000,-0.0001,0.3328
17.667,6.1625,1.9424,-5.2498,-52.1544,2,2,TRANSIT,2,exit,9.9913,1.3133,-5.2500,3.8801,42.8241,-0.0002,0.9960,0.0000,-0.0001,0.3363
17.700,6.2012,1.9108,-5.2498,-52.1937,2,2,TRANSIT,2,exit,9.9913,1.3133,-5.2500,3.8368,43.2356,-0.0002,0.9784,0.0000,-0.0001,0.3396
17.733,6.2402,1.8781,-5.2498,-52.1644,2,2,TRANSIT,2,exit,9.9913,1.3133,-5.2500,3.7933,43.6025,-0.0002,0.9614,0.0000,-0.0001,0.3425
17.767,6.2794,1.8444,-5.2498,-52.0572,2,2,TRANSIT,2,exit,9.9913,1.3133,-5.2500,3.7497,43.9152,-0.0002,0.9454,0.0000,-0.0001,0.3449
17.800,6.3188,1.8097,-5.2497,-51.8633,2,2,TRANSIT,2,exit,9.9913,1.3133,-5.2500,3.7059,44.1651,-0.0003,0.9304,0.0000,-0.0001,0.3469
17.833,6.3584,1.7743,-5.2497,-51.5752,2,2,TRANSIT,2,exit,9.9913,1.3133,-5.2500,3.6620,44.3442,-0.0003,0.9166,0.0000,-0.0001,0.3483
17.867,6.3982,1.7380,-5.2497,-51.1862,2,2,TRANSIT,2,exit,9.9913,1.3133,-5.2500,3.6181,44.4460,-0.0003,0.9040,0.0000,-0.0001,0.3491
17.900,6.4381,1.7010,-5.2497,-50.6962,2,2,TRANSIT,2,exit,9.9913,1.3133,-5.2500,3.5742,44.4700,-0.0003,0.8927,0.0000,-0.0001,0.3493
17.933,6.4782,1.6633,-5.2497,-50.1078,2,2,TRANSIT,2,exit,9.9913,1.3133,-5.2500,3.5305,44.4184,-0.0003,0.8826,0.0000,-0.0001,0.3489
17.967,6.5184,1.6251,-5.2497,-49.4235,2,2,TRANSIT,2,exit,9.9913,1.3133,-5.2500,3.4868,44.2935,-0.0003,0.8735,0.0000,-0.0001,0.3479
18.000,6.5588,1.5864,-5.2497,-48.6460,2,2,TRANSIT,2,exit,9.9913,1.3133,-5.2500,3.4434,44.0976,-0.0003,0.8655,0.0000,-0.0001,0.3463
18.033,6.5992,1.5472,-5.2498,-47.7782,2,2,TRANSIT,2,exit,9.9913,1.3133,-5.2500,3.4001,43.8333,-0.0002,0.8584,0.0000,-0.0001,0.3443
18.067,6.6399,1.5077,-5.2498,-46.8229,2,2,TRANSIT,2,exit,9.9913,1.3133,-5.2500,3.3570,43.5031,-0.0002,0.8522,0.0000,-0.0001,0.3417
18.100,6.6807,1.4679,-5.2498,-45.7832,2,2,TRANSIT,2,exit,9.9913,1.3133,-5.2500,3.3142,43.1097,-0.0002,0.8468,0.0000,-0.0001,0.3386
18.133,6.7216,1.4279,-5.2498,-44.6622,2,2,TRANSIT,2,exit,9.9913,1.3133,-5.2500,3.2717,42.6560,-0.0002,0.8421,0.0000,-0.0001,0.3350
18.167,6.7628,1.3876,-5.2498,-43.4630,2,2,TRANSIT,2,exit,9.9913,1.3133,-5.2500,3.2294,42.1448,-0.0002,0.8380,0.0000,-0.0001,0.3310
18.200,6.8041,1.3472,-5.2498,-42.1888,2,2,TRANSIT,2,exit,9.9913,1.3133,-5.2500,3.1873,41.5789,-0.0002,0.8345,0.0000,-0.0001,0.3266
18.233,6.8457,1.3068,-5.2498,-40.8430,2,2,TRANSIT,2,exit,9.9913,1.3133,-5.2500,3.1456,40.9614,-0.0002,0.8314,0.0000,-0.0001,0.3217
18.267,6.8875,1.2664,-5.2498,-39.4288,2,2,TRANSIT,2,exit,9.9913,1.3133,-5.2500,3.1041,40.2953,-0.0002,0.8287,0.0000,-0.0001,0.3165
18.300,6.9296,1.2260,-5.2498,-37.9497,2,2,TRANSIT,2,exit,9.9913,1.3133,-5.2500,3.0629,39.5835,-0.0002,0.8262,0.0000,-0.0001,0.3109
18.333,6.9720,1.1857,-5.2499,-36.4090,2,2,TRANSIT,2,exit,9.9913,1.3133,-5.2500,3.0219,38.8292,-0.0001,0.8240,0.0000,-0.0001,0.3050
18.367,7.0147,1.1456,-5.2499,-34.8101,2,2,TRANSIT,2,exit,9.9913,1.3133,-5.2500,2.9813,38.0354,-0.0001,0.8218,0.0000,-0.0001,0.2987
18.400,7.0578,1.1057,-5.2499,-33.1566,2,2,TRANSIT,2,exit,9.9913,1.3133,-5.2500,2.9408,37.2052,-0.0001,0.8198,0.0000,-0.0000,0.2922
18.433,7.1012,1.0661,-5.2499,-31.4517,2,2,TRANSIT,2,exit,9.9913,1.3133,-5.2500,2.9006,36.3416,-0.0001,0.8178,0.0000,-0.0000,0.2854
18.467,7.1450,1.0268,-5.2499,-29.6990,2,2,TRANSIT,2,exit,9.9913,1.3133,-5.2500,2.8606,35.4477,-0.0001,0.8156,0.0000,-0.0000,0.2784
18.500,7.1892,0.9879,-5.2499,-27.9019,2,2,TRANSIT,2,exit,9.9913,1.3133,-5.2500,2.8209,34.5265,-0.0001,0.8134,0.0000,-0.0000,0.2712
18.533,7.2338,0.9494,-5.2499,-26.0637,2,2,TRANSIT,2,exit,9.9913,1.3133,-5.2500,2.7813,33.5811,-0.0001,0.8110,0.0000,-0.0000,0.2637
18.567,7.2789,0.9115,-5.2499,-24.1879,2,2,TRANSIT,2,exit,9.9913,1.3133,-5.2500,2.7420,32.6142,-0.0001,0.8084,0.0000,-0.0000,0.2562
18.600,7.3243,0.8741,-5.2499,-22.2778,2,2,TRANSIT,2,exit,9.9913,1.3133,-5.2500,2.7029,31.6290,-0.0001,0.8055,0.0000,-0.0000,0.2484
18.633,7.3702,0.8374,-5.2500,-20.3368,2,2,TRANSIT,2,exit,9.9913,1.3133,-5.2500,2.6639,30.6281,-0.0000,0.8023,0.0000,-0.0000,0.2406
18.667,7.4166,0.8013,-5.2500,-18.3679,2,2,TRANSIT,2,exit,9.9913,1.3133,-5.2500,2.6251,29.6144,-0.0000,0.7988,0.0000,-0.0000,0.2326
18.700,7.4634,0.7660,-5.2500,-16.3746,2,2,TRANSIT,2,exit,9.9913,1.3133,-5.2500,2.5864,28.5908,-0.0000,0.7949,0.0000,-0.0000,0.2246
18.733,7.5106,0.7315,-5.2500,-14.3600,2,2,TRANSIT,2,exit,9.9913,1.3133,-5.2500,2.5480,27.5597,-0.0000,0.7906,0.0000,-0.0000,0.2165
18.767,7.5583,0.6978,-5.2500,-12.3271,2,2,TRANSIT,2,exit,9.9913,1.3133,-5.2500,2.5096,26.5239,-0.0000,0.7859,0.0000,-0.0000,0.2083
18.800,7.6064,0.6650,-5.2500,-10.2789,2,2,TRANSIT,2,exit,9.9913,1.3133,-5.2500,2.4714,25.4859,-0.0000,0.7808,0.0000,-0.0000,0.2002
18.833,7.6246,0.6359,-5.2498,-2.8902,2,2,TRANSIT,2,exit,9.9913,1.3133,-5.2500,2.4617,18.8638,-0.0002,0.8153,0.0000,-0.0001,0.1502
18.867,7.6121,0.6113,-5.2494,-3.0592,2,2,TRANSIT,2,exit,9.9913,1.3133,-5.2500,2.4806,19.4989,-0.0006,0.8184,0.0000,-0.0003,0.1531
18.900,7.6026,0.5875,-5.2490,-3.1733,2,2,TRANSIT,2,exit,9.9913,1.3133,-5.2500,2.4965,20.0750,-0.0010,0.8207,0.0000,-0.0004,0.1577
18.933,7.5961,0.5645,-5.2485,-3.2327,2,2,TRANSIT,2,exit,9.9913,1.3133,-5.2500,2.5095,20.5943,-0.0015,0.8222,0.0000,-0.0007,0.1617
18.967,7.5924,0.5422,-5.2479,-3.2380,2,2,TRANSIT,2,exit,9.9913,1.3133,-5.2500,2.5198,21.0590,-0.0021,0.8230,0.0000,-0.0010,0.1654
19.000,7.5914,0.5205,-5.2471,-3.1899,2,2,TRANSIT,2,exit,9.9913,1.3133,-5.2500,2.5274,21.4711,-0.0029,0.8232,0.0000,-0.0013,0.1686
19.033,7.5930,0.4995,-5.2461,-3.0893,2,2,TRANSIT,2,exit,9.9913,1.3133,-5.2500,2.5326,21.8328,-0.0039,0.8228,0.0000,-0.0018,0.1715
19.067,7.5972,0.4792,-5.2448,-2.9370,2,2,TRANSIT,2,exit,9.9913,1.3133,-5.2500,2.5353,22.1461,-0.0052,0.8219,0.0000,-0.0023,0.1739
19.100,7.6037,0.4594,-5.2434,-2.7342,2,2,TRANSIT,2,exit,9.9913,1.3133,-5.2500,2.5357,22.4130,-0.0066,0.8204,0.0000,-0.0030,0.1760
19.133,7.6126,0.4403,-5.2417,-2.4821,2,2,TRANSIT,2,exit,9.9913,1.3133,-5.2500,2.5338,22.6357,-0.0083,0.8185,0.0000,-0.0037,0.1778
19.167,7.6209,0.4239,-5.2399,-0.8213,2,2,TRANSIT,2,exit,9.9913,1.3133,-5.2500,2.5318,21.3877,-0.0101,0.8251,0.0000,-0.0046,0.1680
19.200,7.6261,0.4083,-5.2369,1.1595,2,2,TRANSIT,2,exit,9.9913,1.3133,-5.2500,2.5324,19.7792,-0.0131,0.8341,0.0000,-0.0059,0.1553
19.233,7.6306,0.3935,-5.2338,3.2531,2,2,TRANSIT,2,exit,9.9913,1.3133,-5.2500,2.5336,18.0340,-0.0162,0.8432,0.0000,-0.0073,0.1416
19.267,7.6366,0.3802,-5.2306,5.7111,2,2,TRANSIT,2,exit,9.9913,1.3133,-5.2500,2.5329,15.9063,-0.0194,0.8526,0.0000,-0.0087,0.1249
19.300,7.6440,0.3684,-5.2272,8.5371,2,2,TRANSIT,2,exit,9.9913,1.3133,-5.2500,2.5305,13.3915,-0.0228,0.8616,0.0000,-0.0103,0.1052
19.333,7.6525,0.3575,-5.2234,11.6208,2,2,TRANSIT,2,exit,9.9913,1.3133,-5.2500,2.5267,10.6085,-0.0266,0.8692,0.0000,-0.0120,0.0833
19.367,7.6620,0.3468,-5.2195,14.7615,2,2,TRANSIT,2,exit,9.9913,1.3133,-5.2500,2.5221,7.7739,-0.0305,0.8746,0.0000,-0.0137,0.0611
19.400,7.6719,0.3366,-5.2161,18.1249,2,2,TRANSIT,2,exit,9.9913,1.3133,-5.2500,2.5169,4.7121,-0.0339,0.8779,0.0000,-0.0152,0.0000
19.433,7.6806,0.3263,-5.2137,21.6297,2,2,TRANSIT,2,exit,9.9913,1.3133,-5.2500,2.5129,1.4997,-0.0363,0.8792,0.0000,-0.0163,0.0000
19.467,7.6903,0.3164,-5.2120,25.1329,2,2,TRANSIT,2,exit,9.9913,1.3133,-5.2500,2.5079,-1.7071,-0.0380,0.8774,0.0000,-0.0171,0.0000
19.500,7.7010,0.3069,-5.2109,28.6472,2,2,TRANSIT,2,exit,9.9913,1.3133,-5.2500,2.5020,-4.9252,-0.0391,0.8725,0.0000,-0.0176,0.0000
19.533,7.7126,0.2981,-5.2104,32.1799,2,2,TRANSIT,2,exit,9.9913,1.3133,-5.2500,2.4949,-8.1654,-0.0396,0.8644,0.0000,-0.0178,-0.0500
19.567,7.7252,0.2901,-5.2104,35.7211,2,2,TRANSIT,2,exit,9.9913,1.3133,-5.2500,2.4867,-11.4201,-0.0396,0.8531,0.0000,-0.0178,-0.0897
19.600,7.7386,0.2830,-5.2110,39.2619,2,2,TRANSIT,2,exit,9.9913,1.3133,-5.2500,2.4774,-14.6828,-0.0390,0.8388,0.0000,-0.0176,-0.1153
19.633,7.7528,0.2768,-5.2120,42.7969,2,2,TRANSIT,2,exit,9.9913,1.3133,-5.2500,2.4671,-17.9502,-0.0380,0.8215,0.0000,-0.0171,-0.1410
19.667,7.7676,0.2716,-5.2134,46.3221,2,2,TRANSIT,2,exit,9.9913,1.3133,-5.2500,2.4559,-21.2203,-0.0366,0.8013,0.0000,-0.0165,-0.1667
19.700,7.7829,0.2675,-5.2151,49.8344,2,2,TRANSIT,2,exit,9.9913,1.3133,-5.2500,2.4437,-24.4922,-0.0349,0.7783,0.0000,-0.0157,-0.1924
19.733,7.7985,0.2642,-5.2167,53.3917,2,2,TRANSIT,2,exit,9.9913,1.3133,-5.2500,2.4311,-27.8244,-0.0333,0.7525,0.0000,-0.0150,-0.2185
19.767,7.8132,0.2612,-5.2175,56.9828,2,2,TRANSIT,2,exit,9.9913,1.3133,-5.2500,2.4190,-31.2000,-0.0325,0.7242,0.0000,-0.0146,-0.2450
19.800,7.8277,0.2595,-5.2181,60.5245,2,2,TRANSIT,2,exit,9.9913,1.3133,-5.2500,2.4068,-34.5545,-0.0319,0.6938,0.0000,-0.0144,-0.2714
19.833,7.8421,0.2586,-5.2182,63.9725,2,2,TRANSIT,2,exit,9.9913,1.3133,-5.2500,2.3942,-37.8331,-0.0318,0.6618,0.0000,-0.0143,-0.2971
19.867,7.8562,0.2586,-5.2181,67.3131,2,2,TRANSIT,2,exit,9.9913,1.3133,-5.2500,2.3816,-41.0232,-0.0319,0.6289,0.0000,-0.0144,-0.3222
19.900,7.8700,0.2594,-5.2177,70.5657,2,2,TRANSIT,2,exit,9.9913,1.3133,-5.2500,2.3689,-44.1463,-0.0323,0.5949,0.0000,-0.0145,-0.3467
19.933,7.8836,0.2609,-5.2173,73.6432,2,2,TRANSIT,2,exit,9.9913,1.3133,-5.2500,2.3561,-47.1090,-0.0327,0.5612,0.0000,-0.0147,-0.3500
19.967,7.8965,0.2628,-5.2170,76.7167,2,2,TRANSIT,2,exit,9.9913,1.3133,-5.2500,2.3436,-50.0832,-0.0330,0.5263,0.0000,-0.0149,-0.3500
20.000,7.9091,0.2654,-5.2169,79.6401,2,2,TRANSIT,2,exit,9.9913,1.3133,-5.2500,2.3312,-52.9253,-0.0331,0.4919,0.0000,-0.0149,-0.3500
20.033,7.9211,0.2688,-5.2168,82.4942,2,2,TRANSIT,2,exit,9.9913,1.3133,-5.2500,2.3190,-55.7201,-0.0332,0.4572,0.0000,-0.0149,-0.3500
20.067,7.9325,0.2724,-5.2166,85.2623,2,2,TRANSIT,2,exit,9.9913,1.3133,-5.2500,2.3072,-58.4417,-0.0334,0.4226,0.0000,-0.0151,-0.3500
20.100,7.9434,0.2765,-5.2163,87.9198,2,2,TRANSIT,2,exit,9.9913,1.3133,-5.2500,2.2956,-61.0671,-0.0337,0.3887,0.0000,-0.0152,-0.3500
20.133,7.9527,0.2796,-5.2165,90.1425,2,2,TRANSIT,2,exit,9.9913,1.3133,-5.2500,2.2859,-63.2530,-0.0335,0.3601,0.0000,-0.0151,-0.3500
20.167,7.9621,0.2783,-5.2167,89.5231,2,2,TRANSIT,2,exit,9.9913,1.3133,-5.2500,2.2781,-62.4974,-0.0333,0.3682,0.0000,-0.0150,-0.3500
20.200,7.9705,0.2772,-5.2170,89.1792,2,2,TRANSIT,2,exit,9.9913,1.3133,-5.2500,2.2711,-62.0337,-0.0330,0.3728,0.0000,-0.0149,-0.3500
20.233,7.9781,0.2765,-5.2173,89.0335,2,2,TRANSIT,2,exit,9.9913,1.3133,-5.2500,2.2647,-61.7848,-0.0327,0.3747,0.0000,-0.0147,-0.3500
20.267,7.9849,0.2764,-5.2177,89.0623,2,2,TRANSIT,2,exit,9.9913,1.3133,-5.2500,2.2587,-61.7306,-0.0323,0.3744,0.0000,-0.0145,-0.3500
20.300,7.9910,0.2767,-5.2180,89.2505,2,2,TRANSIT,2,exit,9.9913,1.3133,-5.2500,2.2531,-61.8557,-0.0320,0.3720,0.0000,-0.0144,-0.3500
20.333,7.9965,0.2776,-5.2183,89.5950,2,2,TRANSIT,2,exit,9.9913,1.3133,-5.2500,2.2479,-62.1562,-0.0317,0.3675,0.0000,-0.0142,-0.3500
20.367,8.0012,0.2788,-5.2185,89.9678,2,2,TRANSIT,2,exit,9.9913,1.3133,-5.2500,2.2432,-62.5002,-0.0315,0.3625,0.0000,-0.0142,-0.3500
20.400,8.0052,0.2792,-5.2185,89.9750,2,2,TRANSIT,2,exit,9.9913,1.3133,-5.2500,2.2393,-62.4699,-0.0315,0.3623,0.0000,-0.0142,-0.3500
20.433,8.0085,0.2797,-5.2183,89.9849,2,2,TRANSIT,2,exit,9.9913,1.3133,-5.2500,2.2362,-62.4524,-0.0317,0.3620,0.0000,-0.0143,-0.3500
20.467,8.0107,0.2797,-5.2178,90.1342,2,2,TRANSIT,2,exit,9.9913,1.3133,-5.2500,2.2343,-62.5762,-0.0322,0.3602,0.0000,-0.0145,-0.3500
20.500,8.0114,0.2794,-5.2175,90.2851,2,2,TRANSIT,2,exit,9.9913,1.3133,-5.2500,2.2338,-62.7105,-0.0325,0.3585,0.0000,-0.0146,-0.3500
20.533,8.0115,0.2792,-5.2173,90.3236,2,2,TRANSIT,2,exit,9.9913,1.3133,-5.2500,2.2338,-62.7445,-0.0327,0.3580,0.0000,-0.0147,-0.3500
20.567,8.0111,0.2795,-5.2174,90.2324,2,2,TRANSIT,2,exit,9.9913,1.3133,-5.2500,2.2340,-62.6628,-0.0326,0.3591,0.0000,-0.0147,-0.3500
20.600,8.0105,0.2800,-5.2175,90.0048,2,2,TRANSIT,2,exit,9.9913,1.3133,-5.2500,2.2344,-62.4553,-0.0325,0.3616,0.0000,-0.0146,-0.3500
20.633,8.0104,0.2800,-5.2175,89.9701,2,2,TRANSIT,2,exit,9.9913,1.3133,-5.2500,2.2345,-62.4207,-0.0325,0.3621,0.0000,-0.0146,-0.3500
20.667,8.0105,0.2800,-5.2175,89.9901,2,2,TRANSIT,2,exit,9.9913,1.3133,-5.2500,2.2344,-62.4405,-0.0325,0.3618,0.0000,-0.0146,-0.3500
20.700,8.0106,0.2800,-5.2175,90.0015,2,2,TRANSIT,2,exit,9.9913,1.3133,-5.2500,2.2342,-62.4501,-0.0325,0.3617,0.0000,-0.0146,-0.3500
20.733,8.0107,0.2800,-5.2175,90.0095,2,2,TRANSIT,2,exit,9.9913,1.3133,-5.2500,2.2341,-62.4579,-0.0325,0.3616,0.0000,-0.0146,-0.3500
20.767,8.0107,0.2800,-5.2175,90.0110,2,2,TRANSIT,2,exit,9.9913,1.3133,-5.2500,2.2341,-62.4592,-0.0325,0.3616,0.0000,-0.0146,-0.3500
20.800,8.0107,0.2800,-5.2175,90.0142,2,2,TRANSIT,2,exit,9.9913,1.3133,-5.2500,2.2341,-62.4624,-0.0325,0.3615,0.0000,-0.0146,-0.3500
20.833,8.0107,0.2800,-5.2175,90.0170,2,2,TRANSIT,2,exit,9.9913,1.3133,-5.2500,2.2341,-62.4652,-0.0325,0.3615,0.0000,-0.0146,-0.3500
20.867,8.0107,0.2800,-5.2175,90.0172,2,2,TRANSIT,2,exit,9.9913,1.3133,-5.2500,2.2341,-62.4654,-0.0325,0.3615,0.0000,-0.0146,-0.3500
20.900,8.0107,0.2800,-5.2175,90.0172,2,2,TRANSIT,2,exit,9.9913,1.3133,-5.2500,2.2341,-62.4654,-0.0325,0.3615,0.0000,-0.0146,-0.3500
20.933,8.0107,0.2800,-5.2175,90.0172,2,2,TRANSIT,2,exit,9.9913,1.3133,-5.2500,2.2341,-62.4654,-0.0325,0.3615,0.0000,-0.0146,-0.3500
20.967,8.0107,0.2800,-5.2175,90.0172,2,2,TRANSIT,2,exit,9.9913,1.3133,-5.2500,2.2341,-62.4654,-0.0325,0.3615,0.0000,-0.0146,-0.3500
21.000,8.0107,0.2800,-5.2175,90.0171,2,2,TRANSIT,2,exit,9.9913,1.3133,-5.2500,2.2341,-62.4653,-0.0325,0.3615,0.0000,-0.0146,-0.3500
21.033,8.0107,0.2800,-5.2175,90.0171,2,2,TRANSIT,2,exit,9.9913,1.3133,-5.2500,2.2341,-62.4653,-0.0325,0.3615,0.0000,-0.0146,-0.3500
21.067,8.0107,0.2800,-5.2175,90.0170,2,2,TRANSIT,2,exit,9.9913,1.3133,-5.2500,2.2341,-62.4652,-0.0325,0.3615,0.0000,-0.0146,-0.3500
21.100,8.0107,0.2800,-5.2175,90.0170,2,2,TRANSIT,2,exit,9.9913,1.3133,-5.2500,2.2341,-62.4652,-0.0325,0.3615,0.0000,-0.0146,-0.3500
21.133,8.0107,0.2800,-5.2175,90.0170,2,2,TRANSIT,2,exit,9.9913,1.3133,-5.2500,2.2341,-62.4652,-0.0325,0.3615,0.0000,-0.0146,-0.3500
21.167,8.0107,0.2800,-5.2175,90.0170,2,2,TRANSIT,2,exit,9.9913,1.3133,-5.2500,2.2341,-62.4652,-0.0325,0.3615,0.0000,-0.0146,-0.3500
21.200,8.0107,0.2800,-5.2175,90.0169,2,2,TRANSIT,2,exit,9.9913,1.3133,-5.2500,2.2341,-62.4651,-0.0325,0.3615,0.0000,-0.0146,-0.3500
21.233,8.0107,0.2800,-5.2175,90.0169,2,2,TRANSIT,2,exit,9.9913,1.3133,-5.2500,2.2341,-62.4651,-0.0325,0.3615,0.0000,-0.0146,-0.3500
21.267,8.0107,0.2800,-5.2175,90.0169,2,2,TRANSIT,2,exit,9.9913,1.3133,-5.2500,2.2341,-62.4651,-0.0325,0.3615,0.0000,-0.0146,-0.3500
21.300,8.0107,0.2800,-5.2175,90.0169,2,2,TRANSIT,2,exit,9.9913,1.3133,-5.2500,2.2341,-62.4651,-0.0325,0.3615,0.0000,-0.0146,-0.3500
21.333,8.0107,0.2800,-5.2175,90.0169,2,2,TRANSIT,2,exit,9.9913,1.3133,-5.2500,2.2341,-62.4651,-0.0325,0.3615,0.0000,-0.0146,-0.3500
21.367,8.0107,0.2800,-5.2175,90.0169,2,2,TRANSIT,2,exit,9.9913,1.3133,-5.2500,2.2341,-62.4651,-0.0325,0.3615,0.0000,-0.0146,-0.3500
21.400,8.0107,0.2800,-5.2175,90.0169,2,2,TRANSIT,2,exit,9.9913,1.3133,-5.2500,2.2341,-62.4651,-0.0325,0.3615,0.0000,-0.0146,-0.3500
21.433,8.0107,0.2800,-5.2175,90.0169,2,2,TRANSIT,2,exit,9.9913,1.3133,-5.2500,2.2341,-62.4651,-0.0325,0.3615,0.0000,-0.0146,-0.3500
21.467,8.0107,0.2800,-5.2175,90.0169,2,2,TRANSIT,2,exit,9.9913,1.3133,-5.2500,2.2341,-62.4651,-0.0325,0.3615,0.0000,-0.0146,-0.3500
21.500,8.0107,0.2800,-5.2175,90.0169,2,2,TRANSIT,2,exit,9.9913,1.3133,-5.2500,2.2341,-62.4651,-0.0325,0.3615,0.0000,-0.0146,-0.3500
21.533,8.0107,0.2800,-5.2175,90.0169,2,2,TRANSIT,2,exit,9.9913,1.3133,-5.2500,2.2341,-62.4651,-0.0325,0.3615,0.0000,-0.0146,-0.3500
21.567,8.0107,0.2800,-5.2175,90.0169,2,2,TRANSIT,2,exit,9.9913,1.3133,-5.2500,2.2341,-62.4651,-0.0325,0.3615,0.0000,-0.0146,-0.3500
21.600,8.0107,0.2800,-5.2175,90.0169,2,2,TRANSIT,2,exit,9.9913,1.3133,-5.2500,2.2341,-62.4651,-0.0325,0.3615,0.0000,-0.0146,-0.3500
21.633,8.0107,0.2800,-5.2175,90.0169,2,2,TRANSIT,2,exit,9.9913,1.3133,-5.2500,2.2341,-62.4651,-0.0325,0.3615,0.0000,-0.0146,-0.3500
21.667,8.0107,0.2800,-5.2175,90.0169,2,2,TRANSIT,2,exit,9.9913,1.3133,-5.2500,2.2341,-62.4651,-0.0325,0.3615,0.0000,-0.0146,-0.3500
21.700,8.0107,0.2800,-5.2175,90.0169,2,2,TRANSIT,2,exit,9.9913,1.3133,-5.2500,2.2341,-62.4651,-0.0325,0.3615,0.0000,-0.0146,-0.3500
21.733,8.0107,0.2800,-5.2175,90.0169,2,2,TRANSIT,2,exit,9.9913,1.3133,-5.2500,2.2341,-62.4651,-0.0325,0.3615,0.0000,-0.0146,-0.3500
21.767,8.0107,0.2800,-5.2175,90.0169,2,2,TRANSIT,2,exit,9.9913,1.3133,-5.2500,2.2341,-62.4651,-0.0325,0.3615,0.0000,-0.0146,-0.3500
21.800,8.0107,0.2800,-5.2175,90.0169,2,2,TRANSIT,2,exit,9.9913,1.3133,-5.2500,2.2341,-62.4651,-0.0325,0.3615,0.0000,-0.0146,-0.3500
21.833,8.0107,0.2800,-5.2175,90.0169,2,2,TRANSIT,2,exit,9.9913,1.3133,-5.2500,2.2341,-62.4651,-0.0325,0.3615,0.0000,-0.0146,-0.3500
21.867,8.0107,0.2800,-5.2175,90.0169,2,2,TRANSIT,2,exit,9.9913,1.3133,-5.2500,2.2341,-62.4651,-0.0325,0.3615,0.0000,-0.0146,-0.3500
21.900,8.0107,0.2800,-5.2175,90.0169,2,2,TRANSIT,2,exit,9.9913,1.3133,-5.2500,2.2341,-62.4651,-0.0325,0.3615,0.0000,-0.0146,-0.3500
21.933,8.0107,0.2800,-5.2175,90.0169,2,2,TRANSIT,2,exit,9.9913,1.3133,-5.2500,2.2341,-62.4651,-0.0325,0.3615,0.0000,-0.0146,-0.3500
21.967,8.0107,0.2800,-5.2175,90.0169,2,2,TRANSIT,2,exit,9.9913,1.3133,-5.2500,2.2341,-62.4651,-0.0325,0.3615,0.0000,-0.0146,-0.3500
22.000,8.0107,0.2800,-5.2175,90.0169,2,2,TRANSIT,2,exit,9.9913,1.3133,-5.2500,2.2341,-62.4651,-0.0325,0.3615,0.0000,-0.0146,-0.3500
22.033,8.0107,0.2800,-5.2175,90.0169,2,2,TRANSIT,2,exit,9.9913,1.3133,-5.2500,2.2341,-62.4651,-0.0325,0.3615,0.0000,-0.0146,-0.3500
22.067,8.0107,0.2800,-5.2175,90.0169,2,2,TRANSIT,2,exit,9.9913,1.3133,-5.2500,2.2341,-62.4651,-0.0325,0.3615,0.0000,-0.0146,-0.3500
22.100,8.0107,0.2800,-5.2175,90.0169,2,2,TRANSIT,2,exit,9.9913,1.3133,-5.2500,2.2341,-62.4651,-0.0325,0.3615,0.0000,-0.0146,-0.3500
22.133,8.0107,0.2800,-5.2175,90.0169,2,2,TRANSIT,2,exit,9.9913,1.3133,-5.2500,2.2341,-62.4651,-0.0325,0.3615,0.0000,-0.0146,-0.3500
22.167,8.0107,0.2800,-5.2175,90.0169,2,2,TRANSIT,2,exit,9.9913,1.3133,-5.2500,2.2341,-62.4651,-0.0325,0.3615,0.0000,-0.0146,-0.3500
